Player,yr,Nation,Born,Age,Matches,Starts,Min,G,A,NPG,PG,PA,YC,RC,n_stints,Squad,Season,n90,G90,A90,NPG90,PA90,GA,starts_share,pen_taker
Aaron Connolly,2021,Ireland,2000,21,4,1,156,0,0,0,0,0,0,0,1,Brighton,2021-22,1.7333333333333334,0.0,0.0,0.0,0.0,0,0.25,0
Aaron Lennon,2021,England,1987,34,28,17,1551,2,0,2,0,0,2,0,1,Burnley,2021-22,17.233333333333334,0.11605415860735009,0.0,0.11605415860735009,0.0,2,0.6071428571428571,0
Adam Armstrong,2021,England,1997,24,23,17,1413,2,2,2,0,0,1,0,1,Southampton,2021-22,15.7,0.12738853503184713,0.12738853503184713,0.12738853503184713,0.0,4,0.7391304347826086,0
Adam Idah,2021,Ireland,2001,20,17,6,625,1,1,1,0,0,0,0,1,Norwich City,2021-22,6.944444444444445,0.144,0.144,0.144,0.0,2,0.35294117647058826,0
Adama Traoré,2021,Spain,1996,25,20,10,1067,1,0,1,0,0,0,0,1,Wolves,2021-22,11.855555555555556,0.08434864104967198,0.0,0.08434864104967198,0.0,1,0.5,0
Ademola Lookman,2021,Nigeria,1997,23,26,16,1453,6,0,6,0,0,2,0,1,Leicester City,2021-22,16.144444444444446,0.3716448726772195,0.0,0.3716448726772195,0.0,6,0.6153846153846154,0
Alex Oxlade-Chamberlain,2021,England,1993,27,17,9,785,2,1,2,0,0,0,0,1,Liverpool,2021-22,8.722222222222221,0.22929936305732487,0.11464968152866244,0.22929936305732487,0.0,3,0.5294117647058824,0
Alexandre Lacazette,2021,France,1991,30,30,20,1782,4,7,2,2,3,0,0,1,Arsenal,2021-22,19.8,0.20202020202020202,0.35353535353535354,0.10101010101010101,0.15151515151515152,11,0.6666666666666666,1
Alexis Mac Allister,2021,Argentina,1998,22,33,22,2123,5,2,3,2,3,4,0,1,Brighton,2021-22,23.58888888888889,0.2119642016015073,0.08478568064060292,0.12717852096090437,0.12717852096090437,7,0.6666666666666666,1
Allan Saint-Maximin,2021,France,1997,24,35,31,2804,5,5,5,0,0,6,0,1,Newcastle,2021-22,31.155555555555555,0.16048502139800286,0.16048502139800286,0.16048502139800286,0.0,10,0.8857142857142857,0
Anthony Gordon,2021,England,2001,20,35,25,2285,4,2,4,0,0,4,0,1,Everton,2021-22,25.38888888888889,0.1575492341356674,0.0787746170678337,0.1575492341356674,0.0,6,0.7142857142857143,0
Anthony Martial,2021,France,1995,25,8,2,212,1,0,1,0,0,0,0,1,Manchester Utd,2021-22,2.3555555555555556,0.4245283018867924,0.0,0.4245283018867924,0.0,1,0.25,0
Anwar El Ghazi,2021,Netherlands,1995,26,11,4,399,1,1,0,1,1,2,0,2,Aston Villa,2021-22,4.433333333333334,0.22556390977443608,0.22556390977443608,0.0,0.22556390977443608,2,0.36363636363636365,0
Armando Broja,2021,Albania,2001,19,32,21,1975,6,0,6,0,0,2,0,1,Southampton,2021-22,21.944444444444443,0.27341772151898736,0.0,0.27341772151898736,0.0,6,0.65625,0
Ashley Barnes,2021,England,1989,31,23,8,808,1,0,0,1,1,4,0,1,Burnley,2021-22,8.977777777777778,0.11138613861386139,0.0,0.0,0.11138613861386139,1,0.34782608695652173,0
Ashley Fletcher,2021,England,1995,25,3,0,30,0,0,0,0,0,0,0,1,Watford,2021-22,0.3333333333333333,0.0,0.0,0.0,0.0,0,0.0,0
Ashley Young,2021,England,1985,36,24,10,1250,0,2,0,0,0,2,0,1,Aston Villa,2021-22,13.88888888888889,0.0,0.144,0.0,0.0,2,0.4166666666666667,0
Bernardo Silva,2021,Portugal,1994,26,35,33,2857,8,4,8,0,0,6,0,1,Manchester City,2021-22,31.744444444444444,0.2520126006300315,0.12600630031501575,0.2520126006300315,0.0,12,0.9428571428571428,0
Bertrand Traoré,2021,Burkina Faso,1995,25,9,1,220,0,0,0,0,0,0,0,1,Aston Villa,2021-22,2.4444444444444446,0.0,0.0,0.0,0.0,0,0.1111111111111111,0
Bryan Gil,2021,Spain,2001,20,9,0,94,0,0,0,0,0,0,0,1,Tottenham,2021-22,1.0444444444444445,0.0,0.0,0.0,0.0,0,0.0,0
Bryan Mbeumo,2021,Cameroon,1999,21,35,34,2905,4,7,3,1,1,4,0,1,Brentford,2021-22,32.27777777777778,0.12392426850258176,0.21686746987951808,0.09294320137693632,0.03098106712564544,11,0.9714285714285714,0
Bukayo Saka,2021,England,2001,19,38,36,2978,11,7,9,2,2,6,0,1,Arsenal,2021-22,33.08888888888889,0.33243787777031564,0.21155137676292815,0.2719946272666219,0.06044325050369376,18,0.9473684210526315,1
Callum Wilson,2021,England,1992,29,18,16,1386,8,0,6,2,2,4,0,1,Newcastle,2021-22,15.4,0.5194805194805194,0.0,0.38961038961038963,0.12987012987012986,8,0.8888888888888888,1
Cameron Archer,2021,England,2001,20,3,0,27,0,0,0,0,0,0,0,1,Aston Villa,2021-22,0.3,0.0,0.0,0.0,0.0,0,0.0,0
Cenk Tosun,2021,Turkey,1991,30,1,0,7,0,0,0,0,0,0,0,1,Everton,2021-22,0.07777777777777778,0.0,0.0,0.0,0.0,0,0.0,0
Chem Campbell,2021,Wales,2002,18,1,0,13,0,0,0,0,0,0,0,1,Wolves,2021-22,0.14444444444444443,0.0,0.0,0.0,0.0,0,0.0,0
Chris Wood,2021,New Zealand,1991,29,34,32,2694,5,0,4,1,1,1,0,2,Burnley,2021-22,29.933333333333334,0.16703786191536749,0.0,0.13363028953229397,0.03340757238307349,5,0.9411764705882353,0
Christian Benteke,2021,Belgium,1990,30,25,11,1145,4,1,4,0,0,3,0,1,Crystal Palace,2021-22,12.722222222222221,0.314410480349345,0.07860262008733625,0.314410480349345,0.0,5,0.44,0
Christian Pulisic,2021,USA,1998,22,22,13,1290,6,2,6,0,0,2,0,1,Chelsea,2021-22,14.333333333333334,0.41860465116279066,0.13953488372093023,0.41860465116279066,0.0,8,0.5909090909090909,0
Christos Tzolis,2021,Greece,2002,19,14,3,336,0,0,0,0,0,0,0,1,Norwich City,2021-22,3.7333333333333334,0.0,0.0,0.0,0.0,0,0.21428571428571427,0
Ché Adams,2021,Scotland,1996,25,30,23,2039,7,3,7,0,0,0,0,1,Southampton,2021-22,22.655555555555555,0.30897498773908777,0.13241785188818048,0.30897498773908777,0.0,10,0.7666666666666667,0
Cole Palmer,2021,England,2002,19,4,1,123,0,0,0,0,0,0,0,1,Manchester City,2021-22,1.3666666666666667,0.0,0.0,0.0,0.0,0,0.25,0
Cristiano Ronaldo,2021,Portugal,1985,36,30,27,2456,18,3,15,3,3,8,0,1,Manchester Utd,2021-22,27.288888888888888,0.6596091205211727,0.10993485342019545,0.5496742671009772,0.10993485342019545,21,0.9,1
Crysencio Summerville,2021,Netherlands,2001,19,6,0,130,0,0,0,0,0,0,0,1,Leeds United,2021-22,1.4444444444444444,0.0,0.0,0.0,0.0,0,0.0,0
Cucho,2021,Colombia,1999,22,25,11,1147,5,2,5,0,0,3,0,1,Watford,2021-22,12.744444444444444,0.3923278116826504,0.15693112467306017,0.3923278116826504,0.0,7,0.44,0
Dane Scarlett,2021,England,2004,17,1,0,4,0,0,0,0,0,0,0,1,Tottenham,2021-22,0.044444444444444446,0.0,0.0,0.0,0.0,0,0.0,0
Daniel James,2021,Wales,1997,23,32,29,2366,4,4,4,0,0,7,1,1,Leeds United,2021-22,26.288888888888888,0.1521555367709214,0.1521555367709214,0.1521555367709214,0.0,8,0.90625,0
Daniel Podence,2021,Portugal,1995,25,26,15,1484,2,3,2,0,0,2,0,1,Wolves,2021-22,16.488888888888887,0.12129380053908358,0.18194070080862534,0.12129380053908358,0.0,5,0.5769230769230769,0
Danny Ings,2021,England,1992,29,30,22,1898,7,6,6,1,1,4,0,1,Aston Villa,2021-22,21.08888888888889,0.33192834562697576,0.2845100105374078,0.2845100105374078,0.04741833508956797,13,0.7333333333333333,0
Danny Welbeck,2021,England,1990,30,25,15,1478,6,2,6,0,0,0,0,1,Brighton,2021-22,16.42222222222222,0.36535859269282817,0.12178619756427606,0.36535859269282817,0.0,8,0.6,0
Dejan Kulusevski,2021,Sweden,2000,21,18,14,1261,5,8,5,0,0,3,0,1,Tottenham,2021-22,14.011111111111111,0.3568596352101507,0.570975416336241,0.3568596352101507,0.0,13,0.7777777777777778,0
Demarai Gray,2021,Jamaica,1996,25,34,28,2338,5,4,5,0,0,3,0,1,Everton,2021-22,25.977777777777778,0.1924721984602224,0.15397775876817793,0.1924721984602224,0.0,9,0.8235294117647058,0
Diogo Jota,2021,Portugal,1996,24,35,27,2364,15,4,15,0,0,3,0,1,Liverpool,2021-22,26.266666666666666,0.5710659898477157,0.15228426395939088,0.5710659898477157,0.0,19,0.7714285714285715,0
Divock Origi,2021,Belgium,1995,26,7,0,133,3,0,3,0,0,0,0,1,Liverpool,2021-22,1.4777777777777779,2.0300751879699246,0.0,2.0300751879699246,0.0,3,0.0,0
Dominic Calvert-Lewin,2021,England,1997,24,17,15,1283,5,2,3,2,3,2,0,1,Everton,2021-22,14.255555555555556,0.35074045206547155,0.1402961808261886,0.21044427123928292,0.21044427123928292,7,0.8823529411764706,1
Dwight Gayle,2021,England,1990,30,8,0,38,0,0,0,0,0,1,0,1,Newcastle,2021-22,0.4222222222222222,0.0,0.0,0.0,0.0,0,0.0,0
Eberechi Eze,2021,England,1998,23,13,6,605,1,1,1,0,0,1,0,1,Crystal Palace,2021-22,6.722222222222222,0.1487603305785124,0.1487603305785124,0.1487603305785124,0.0,2,0.46153846153846156,0
Eddie Nketiah,2021,England,1999,22,21,8,835,5,1,5,0,0,3,0,1,Arsenal,2021-22,9.277777777777779,0.5389221556886227,0.10778443113772454,0.5389221556886227,0.0,6,0.38095238095238093,0
Edinson Cavani,2021,Uruguay,1987,34,15,7,766,2,1,2,0,0,0,0,1,Manchester Utd,2021-22,8.511111111111111,0.2349869451697128,0.1174934725848564,0.2349869451697128,0.0,3,0.4666666666666667,0
Ellis Simms,2021,England,2001,20,1,1,61,0,0,0,0,0,0,0,1,Everton,2021-22,0.6777777777777778,0.0,0.0,0.0,0.0,0,1.0,0
Emi Buendía,2021,Argentina,1996,24,35,22,1899,4,6,4,0,0,1,0,1,Aston Villa,2021-22,21.1,0.1895734597156398,0.2843601895734597,0.1895734597156398,0.0,10,0.6285714285714286,0
Emmanuel Dennis,2021,Nigeria,1997,23,33,30,2581,10,6,10,0,0,9,1,1,Watford,2021-22,28.677777777777777,0.3487020534676482,0.20922123208058893,0.3487020534676482,0.0,16,0.9090909090909091,0
Evan Ferguson,2021,Ireland,2004,16,1,0,23,0,0,0,0,0,0,0,1,Brighton,2021-22,0.25555555555555554,0.0,0.0,0.0,0.0,0,0.0,0
Ferrán Torres,2021,Spain,2000,21,4,4,303,2,1,2,0,0,0,0,1,Manchester City,2021-22,3.3666666666666667,0.594059405940594,0.297029702970297,0.594059405940594,0.0,3,1.0,0
Folarin Balogun,2021,USA,2001,20,2,1,70,0,0,0,0,0,0,0,1,Arsenal,2021-22,0.7777777777777778,0.0,0.0,0.0,0.0,0,0.5,0
Francisco Trincão,2021,Portugal,1999,21,28,16,1336,2,1,2,0,0,0,0,1,Wolves,2021-22,14.844444444444445,0.1347305389221557,0.06736526946107785,0.1347305389221557,0.0,3,0.5714285714285714,0
Fábio Silva,2021,Portugal,2002,19,22,6,572,0,0,0,0,0,0,0,1,Wolves,2021-22,6.355555555555555,0.0,0.0,0.0,0.0,0,0.2727272727272727,0
Gabriel Jesus,2021,Brazil,1997,24,28,21,1877,8,8,7,1,1,1,0,1,Manchester City,2021-22,20.855555555555554,0.3835908364411295,0.3835908364411295,0.3356419818859883,0.04794885455514119,16,0.75,0
Gabriel Martinelli,2021,Brazil,2001,20,29,21,1860,6,6,5,1,1,3,1,1,Arsenal,2021-22,20.666666666666668,0.29032258064516125,0.29032258064516125,0.24193548387096772,0.04838709677419355,12,0.7241379310344828,0
Hakim Ziyech,2021,Morocco,1993,28,23,14,1319,4,3,4,0,0,3,0,1,Chelsea,2021-22,14.655555555555555,0.27293404094010615,0.20470053070507963,0.27293404094010615,0.0,7,0.6086956521739131,0
Harry Kane,2021,England,1993,28,37,36,3232,17,9,13,4,4,5,0,1,Tottenham,2021-22,35.91111111111111,0.47339108910891087,0.2506188118811881,0.3620049504950495,0.11138613861386139,26,0.972972972972973,1
Harvey Barnes,2021,England,1997,23,32,24,2101,6,10,6,0,0,2,0,1,Leicester City,2021-22,23.344444444444445,0.25702046644455023,0.42836744407425037,0.25702046644455023,0.0,16,0.75,0
Hwang Hee-chan,2021,South Korea,1996,25,30,20,1816,5,1,5,0,0,2,0,1,Wolves,2021-22,20.177777777777777,0.24779735682819384,0.04955947136563877,0.24779735682819384,0.0,6,0.6666666666666666,0
Hélder Costa,2021,Angola,1994,27,1,0,22,0,0,0,0,0,0,0,1,Leeds United,2021-22,0.24444444444444444,0.0,0.0,0.0,0.0,0,0.0,0
Ismaila Sarr,2021,Senegal,1998,23,22,21,1861,5,2,5,0,1,2,0,1,Watford,2021-22,20.677777777777777,0.2418054809242343,0.09672219236969372,0.2418054809242343,0.04836109618484686,7,0.9545454545454546,0
Ivan Toney,2021,England,1996,25,33,32,2909,12,5,7,5,5,8,0,1,Brentford,2021-22,32.32222222222222,0.37126160192506014,0.15469233413544173,0.2165692677896184,0.15469233413544173,17,0.9696969696969697,1
Jack Grealish,2021,England,1995,25,26,22,1914,3,3,3,0,0,3,0,1,Manchester City,2021-22,21.266666666666666,0.14106583072100315,0.14106583072100315,0.14106583072100315,0.0,6,0.8461538461538461,0
Jacob Murphy,2021,England,1995,26,33,13,1473,1,2,1,0,0,4,0,1,Newcastle,2021-22,16.366666666666667,0.06109979633401222,0.12219959266802444,0.06109979633401222,0.0,3,0.3939393939393939,0
Jaden Philogene Bidace,2021,England,2002,19,1,0,5,0,0,0,0,0,0,0,1,Aston Villa,2021-22,0.05555555555555555,0.0,0.0,0.0,0.0,0,0.0,0
Jadon Sancho,2021,England,2000,21,29,20,1900,3,3,3,0,0,0,0,1,Manchester Utd,2021-22,21.11111111111111,0.14210526315789473,0.14210526315789473,0.14210526315789473,0.0,6,0.6896551724137931,0
Jakub Moder,2021,Poland,1999,22,28,19,1701,0,3,0,0,0,1,0,1,Brighton,2021-22,18.9,0.0,0.15873015873015875,0.0,0.0,3,0.6785714285714286,0
James Maddison,2021,England,1996,24,35,28,2459,12,8,12,0,0,3,0,1,Leicester City,2021-22,27.322222222222223,0.4392029280195201,0.2928019520130134,0.4392029280195201,0.0,20,0.8,0
Jamie Vardy,2021,England,1987,34,25,20,1806,15,2,15,0,0,2,0,1,Leicester City,2021-22,20.066666666666666,0.7475083056478405,0.09966777408637874,0.7475083056478405,0.0,17,0.8,0
Jay Rodriguez,2021,England,1989,32,29,13,1382,2,2,2,0,0,3,0,1,Burnley,2021-22,15.355555555555556,0.13024602026049203,0.13024602026049203,0.13024602026049203,0.0,4,0.4482758620689655,0
Jean-Philippe Mateta,2021,France,1997,24,22,13,1145,5,1,5,0,0,2,0,1,Crystal Palace,2021-22,12.722222222222221,0.39301310043668125,0.07860262008733625,0.39301310043668125,0.0,6,0.5909090909090909,0
Jeffrey Schlupp,2021,Ghana,1992,28,32,20,1851,4,1,4,0,0,1,0,1,Crystal Palace,2021-22,20.566666666666666,0.19448946515397084,0.04862236628849271,0.19448946515397084,0.0,5,0.625,0
Joe Gelhardt,2021,England,2002,19,20,5,746,2,2,2,0,0,4,0,1,Leeds United,2021-22,8.28888888888889,0.24128686327077745,0.24128686327077745,0.24128686327077745,0.0,4,0.25,0
Joelinton,2021,Brazil,1996,24,35,30,2558,4,1,4,0,0,8,0,1,Newcastle,2021-22,28.42222222222222,0.14073494917904614,0.035183737294761534,0.14073494917904614,0.0,5,0.8571428571428571,0
Jonathan Rowe,2021,England,2003,18,13,0,223,0,1,0,0,0,0,0,1,Norwich City,2021-22,2.477777777777778,0.0,0.40358744394618834,0.0,0.0,1,0.0,0
Jordan Ayew,2021,Ghana,1991,29,31,23,2019,3,3,3,0,0,2,0,1,Crystal Palace,2021-22,22.433333333333334,0.1337295690936107,0.1337295690936107,0.1337295690936107,0.0,6,0.7419354838709677,0
Josh Dasilva,2021,England,1998,22,9,2,257,0,0,0,0,0,0,1,1,Brentford,2021-22,2.8555555555555556,0.0,0.0,0.0,0.0,0,0.2222222222222222,0
Josh Sargent,2021,USA,2000,21,26,18,1572,2,1,2,0,0,1,0,1,Norwich City,2021-22,17.466666666666665,0.11450381679389314,0.05725190839694657,0.11450381679389314,0.0,3,0.6923076923076923,0
Joshua King,2021,Norway,1992,29,32,27,2248,5,3,4,1,1,5,0,1,Watford,2021-22,24.977777777777778,0.2001779359430605,0.1201067615658363,0.1601423487544484,0.0400355871886121,8,0.84375,0
João Pedro,2021,Brazil,2001,19,28,15,1644,3,1,3,0,0,1,0,1,Watford,2021-22,18.266666666666666,0.1642335766423358,0.05474452554744526,0.1642335766423358,0.0,4,0.5357142857142857,0
Jürgen Locadia,2021,Curacao,1993,27,1,0,23,0,0,0,0,0,0,0,1,Brighton,2021-22,0.25555555555555554,0.0,0.0,0.0,0.0,0,0.0,0
Kai Havertz,2021,Germany,1999,22,29,22,1809,8,3,8,0,0,3,0,1,Chelsea,2021-22,20.1,0.3980099502487562,0.14925373134328357,0.3980099502487562,0.0,11,0.7586206896551724,0
Kaide Gordon,2021,England,2004,16,1,0,9,0,0,0,0,0,0,0,1,Liverpool,2021-22,0.1,0.0,0.0,0.0,0.0,0,0.0,0
Keinan Davis,2021,England,1998,23,1,0,12,0,0,0,0,0,0,0,1,Aston Villa,2021-22,0.13333333333333333,0.0,0.0,0.0,0.0,0,0.0,0
Kelechi Iheanacho,2021,Nigeria,1996,24,26,13,1264,4,5,4,0,0,1,0,1,Leicester City,2021-22,14.044444444444444,0.2848101265822785,0.3560126582278481,0.2848101265822785,0.0,9,0.5,0
Ken Sema,2021,Sweden,1993,27,18,7,852,0,0,0,0,0,1,0,1,Watford,2021-22,9.466666666666667,0.0,0.0,0.0,0.0,0,0.3888888888888889,0
Leandro Trossard,2021,Belgium,1994,26,34,32,2805,8,3,7,1,1,2,0,1,Brighton,2021-22,31.166666666666668,0.2566844919786096,0.0962566844919786,0.2245989304812834,0.0320855614973262,11,0.9411764705882353,0
Leon Bailey,2021,Jamaica,1997,23,18,7,761,1,2,1,0,0,3,0,1,Aston Villa,2021-22,8.455555555555556,0.11826544021024966,0.23653088042049933,0.11826544021024966,0.0,3,0.3888888888888889,0
Lewis Dobbin,2021,England,2003,18,3,0,32,0,0,0,0,0,1,0,1,Everton,2021-22,0.35555555555555557,0.0,0.0,0.0,0.0,0,0.0,0
Liam Delap,2021,England,2003,18,1,0,10,0,0,0,0,0,0,0,1,Manchester City,2021-22,0.1111111111111111,0.0,0.0,0.0,0.0,0,0.0,0
Lucas Moura,2021,Brazil,1992,28,34,19,1775,2,6,2,0,0,4,0,1,Tottenham,2021-22,19.72222222222222,0.10140845070422536,0.3042253521126761,0.10140845070422536,0.0,8,0.5588235294117647,0
Luis Díaz,2021,Colombia,1997,24,13,11,958,4,3,4,0,0,0,0,1,Liverpool,2021-22,10.644444444444444,0.3757828810020877,0.2818371607515658,0.3757828810020877,0.0,7,0.8461538461538461,0
Marc Albrighton,2021,England,1989,31,17,11,1132,1,2,1,0,0,3,0,1,Leicester City,2021-22,12.577777777777778,0.07950530035335689,0.15901060070671377,0.07950530035335689,0.0,3,0.6470588235294118,0
Marcus Forss,2021,Finland,1999,22,7,1,209,0,1,0,0,0,0,0,1,Brentford,2021-22,2.3222222222222224,0.0,0.43062200956937796,0.0,0.0,1,0.14285714285714285,0
Marcus Rashford,2021,England,1997,23,25,13,1235,4,2,4,0,0,2,0,1,Manchester Utd,2021-22,13.722222222222221,0.29149797570850206,0.14574898785425103,0.29149797570850206,0.0,6,0.52,0
Mason Greenwood,2021,England,2001,19,18,16,1271,5,1,5,0,0,1,0,1,Manchester Utd,2021-22,14.122222222222222,0.35405192761605037,0.07081038552321008,0.35405192761605037,0.0,6,0.8888888888888888,0
Matěj Vydra,2021,Czechia,1992,29,22,5,679,2,3,2,0,0,1,0,1,Burnley,2021-22,7.544444444444444,0.2650957290132548,0.3976435935198822,0.2650957290132548,0.0,5,0.22727272727272727,0
Maxwel Cornet,2021,Ivory Coast,1996,24,26,21,1766,9,1,9,0,1,2,0,1,Burnley,2021-22,19.622222222222224,0.45866364665911663,0.05096262740656851,0.45866364665911663,0.05096262740656851,10,0.8076923076923077,0
Michael Olise,2021,France,2001,19,26,12,1141,2,5,2,0,0,4,0,1,Crystal Palace,2021-22,12.677777777777777,0.1577563540753725,0.39439088518843124,0.1577563540753725,0.0,7,0.46153846153846156,0
Michail Antonio,2021,Jamaica,1990,31,36,34,2971,10,8,10,0,1,8,1,1,West Ham,2021-22,33.01111111111111,0.30292830696735107,0.24234264557388083,0.30292830696735107,0.030292830696735103,18,0.9444444444444444,0
Miguel Almirón,2021,Paraguay,1994,27,30,19,1716,1,0,1,0,0,2,0,1,Newcastle,2021-22,19.066666666666666,0.05244755244755245,0.0,0.05244755244755245,0.0,1,0.6333333333333333,0
Milot Rashica,2021,Kosovo,1996,25,31,25,2229,1,2,1,0,0,0,0,1,Norwich City,2021-22,24.766666666666666,0.04037685060565276,0.08075370121130553,0.04037685060565276,0.0,3,0.8064516129032258,0
Mohamed Salah,2021,Egypt,1992,29,35,30,2762,23,13,18,5,6,1,0,1,Liverpool,2021-22,30.68888888888889,0.7494569152787834,0.4236060825488776,0.5865314989138305,0.1955104996379435,36,0.8571428571428571,1
Moise Kean,2021,Italy,2000,21,1,0,1,0,0,0,0,0,0,0,1,Everton,2021-22,0.011111111111111112,0.0,0.0,0.0,0.0,0,0.0,0
Morgan Gibbs-White,2021,England,2000,21,2,0,9,0,0,0,0,0,1,0,1,Wolves,2021-22,0.1,0.0,0.0,0.0,0.0,0,0.0,0
Nathan Redmond,2021,England,1994,27,27,20,1833,1,5,1,0,0,0,0,1,Southampton,2021-22,20.366666666666667,0.049099836333878884,0.24549918166939444,0.049099836333878884,0.0,6,0.7407407407407407,0
Nathan Tella,2021,Nigeria,1999,22,14,10,804,0,1,0,0,0,2,0,1,Southampton,2021-22,8.933333333333334,0.0,0.11194029850746269,0.0,0.0,1,0.7142857142857143,0
Nathan Young-Coombes,2021,England,2003,18,1,0,4,0,0,0,0,0,0,0,1,Brentford,2021-22,0.044444444444444446,0.0,0.0,0.0,0.0,0,0.0,0
Neal Maupay,2021,France,1996,24,32,25,2276,8,2,7,1,2,7,0,1,Brighton,2021-22,25.288888888888888,0.3163444639718805,0.07908611599297012,0.27680140597539543,0.07908611599297012,10,0.78125,1
Odsonne Édouard,2021,France,1998,23,28,18,1564,6,3,5,1,1,4,0,1,Crystal Palace,2021-22,17.377777777777776,0.3452685421994885,0.17263427109974425,0.2877237851662404,0.05754475703324809,9,0.6428571428571429,0
Ollie Watkins,2021,England,1995,25,35,33,2952,11,2,10,1,1,7,0,1,Aston Villa,2021-22,32.8,0.3353658536585366,0.06097560975609757,0.30487804878048785,0.030487804878048783,13,0.9428571428571428,0
Patrick Bamford,2021,England,1993,27,9,7,559,2,2,2,0,0,2,0,1,Leeds United,2021-22,6.211111111111111,0.3220035778175313,0.3220035778175313,0.3220035778175313,0.0,4,0.7777777777777778,0
Patson Daka,2021,Zambia,1998,22,23,13,1159,5,3,5,0,0,2,0,1,Leicester City,2021-22,12.877777777777778,0.3882657463330457,0.23295944779982744,0.3882657463330457,0.0,8,0.5652173913043478,0
Pedro Neto,2021,Portugal,2000,21,13,5,466,1,1,1,0,0,3,0,1,Wolves,2021-22,5.177777777777778,0.19313304721030042,0.19313304721030042,0.19313304721030042,0.0,2,0.38461538461538464,0
Phil Foden,2021,England,2000,21,28,24,2128,9,5,9,0,0,1,0,1,Manchester City,2021-22,23.644444444444446,0.3806390977443609,0.21146616541353383,0.3806390977443609,0.0,14,0.8571428571428571,0
Philippe Coutinho,2021,Brazil,1992,29,19,16,1329,5,3,5,0,0,0,0,1,Aston Villa,2021-22,14.766666666666667,0.3386004514672686,0.20316027088036115,0.3386004514672686,0.0,8,0.8421052631578947,0
Pierre-Emerick Aubameyang,2021,Gabon,1989,32,14,12,1037,4,1,4,0,2,3,0,1,Arsenal,2021-22,11.522222222222222,0.3471552555448409,0.08678881388621022,0.3471552555448409,0.17357762777242045,5,0.8571428571428571,1
Przemysław Płacheta,2021,Poland,1998,23,12,6,504,0,0,0,0,0,1,0,1,Norwich City,2021-22,5.6,0.0,0.0,0.0,0.0,0,0.5,0
Raheem Sterling,2021,England,1994,26,30,23,2128,13,5,11,2,3,1,0,1,Manchester City,2021-22,23.644444444444446,0.549812030075188,0.21146616541353383,0.46522556390977443,0.1268796992481203,18,0.7666666666666667,1
Raphinha,2021,Brazil,1996,24,35,34,2915,11,3,7,4,4,7,0,1,Leeds United,2021-22,32.388888888888886,0.339622641509434,0.09262435677530018,0.2161234991423671,0.12349914236706691,14,0.9714285714285714,1
Raúl Jiménez,2021,Mexico,1991,30,34,30,2631,6,4,5,1,1,9,2,1,Wolves,2021-22,29.233333333333334,0.20524515393386544,0.13683010262257697,0.1710376282782212,0.03420752565564424,10,0.8823529411764706,0
Reiss Nelson,2021,England,1999,21,1,0,20,0,0,0,0,0,0,0,1,Arsenal,2021-22,0.2222222222222222,0.0,0.0,0.0,0.0,0,0.0,0
Richarlison,2021,Brazil,1997,24,30,28,2523,10,5,7,3,3,9,0,1,Everton,2021-22,28.033333333333335,0.356718192627824,0.178359096313912,0.2497027348394768,0.1070154577883472,15,0.9333333333333333,1
Riyad Mahrez,2021,Algeria,1991,30,28,15,1498,11,5,7,4,5,0,0,1,Manchester City,2021-22,16.644444444444446,0.6608811748998664,0.30040053404539385,0.4205607476635514,0.30040053404539385,16,0.5357142857142857,1
Roberto Firmino,2021,Brazil,1991,29,20,10,990,5,4,5,0,0,3,0,1,Liverpool,2021-22,11.0,0.45454545454545453,0.36363636363636365,0.45454545454545453,0.0,9,0.5,0
Rodrigo,2021,Spain,1991,30,31,27,2265,6,1,5,1,1,9,0,1,Leeds United,2021-22,25.166666666666668,0.23841059602649006,0.03973509933774834,0.1986754966887417,0.03973509933774834,7,0.8709677419354839,0
Romelu Lukaku,2021,Belgium,1993,28,26,16,1589,8,0,7,1,1,1,0,1,Chelsea,2021-22,17.655555555555555,0.45311516677155445,0.0,0.39647577092511016,0.056639395846444306,8,0.6153846153846154,0
Ryan Fraser,2021,Scotland,1994,27,27,18,1465,2,3,2,0,0,3,0,1,Newcastle,2021-22,16.27777777777778,0.12286689419795221,0.18430034129692832,0.12286689419795221,0.0,5,0.6666666666666666,0
Sadio Mané,2021,Senegal,1992,29,34,32,2819,16,2,16,0,0,5,0,1,Liverpool,2021-22,31.322222222222223,0.5108194395175594,0.06385242993969492,0.5108194395175594,0.0,18,0.9411764705882353,0
Salomón Rondón,2021,Venezuela,1989,31,20,8,790,1,1,1,0,0,3,1,1,Everton,2021-22,8.777777777777779,0.11392405063291139,0.11392405063291139,0.11392405063291139,0.0,2,0.4,0
Saman Ghoddos,2021,Iran,1993,27,17,4,536,1,1,1,0,0,2,0,1,Brentford,2021-22,5.955555555555556,0.16791044776119401,0.16791044776119401,0.16791044776119401,0.0,2,0.23529411764705882,0
Samuel Kalu,2021,Nigeria,1997,23,4,2,222,0,0,0,0,0,0,0,1,Watford,2021-22,2.466666666666667,0.0,0.0,0.0,0.0,0,0.5,0
Shane Long,2021,Ireland,1987,34,13,3,308,1,0,1,0,0,1,0,1,Southampton,2021-22,3.422222222222222,0.29220779220779225,0.0,0.29220779220779225,0.0,1,0.23076923076923078,0
Shola Shoretire,2021,England,2004,17,1,0,16,0,0,0,0,0,0,0,1,Manchester Utd,2021-22,0.17777777777777778,0.0,0.0,0.0,0.0,0,0.0,0
Son Heung-min,2021,South Korea,1992,29,35,35,3006,23,7,23,0,0,2,0,1,Tottenham,2021-22,33.4,0.688622754491018,0.2095808383233533,0.688622754491018,0.0,30,1.0,0
Sonny Perkins,2021,England,2004,17,1,0,4,0,0,0,0,0,0,0,1,West Ham,2021-22,0.044444444444444446,0.0,0.0,0.0,0.0,0,0.0,0
Steven Bergwijn,2021,Netherlands,1997,23,25,4,565,3,1,3,0,0,1,0,1,Tottenham,2021-22,6.277777777777778,0.4778761061946903,0.1592920353982301,0.4778761061946903,0.0,4,0.16,0
Stuart Armstrong,2021,Scotland,1992,29,25,15,1473,2,0,2,0,0,1,0,1,Southampton,2021-22,16.366666666666667,0.12219959266802444,0.0,0.12219959266802444,0.0,2,0.6,0
Takumi Minamino,2021,Japan,1995,26,11,1,186,3,0,3,0,0,1,0,1,Liverpool,2021-22,2.066666666666667,1.4516129032258063,0.0,1.4516129032258063,0.0,3,0.09090909090909091,0
Tariqe Fosu,2021,Ghana,1995,25,1,0,17,0,0,0,0,0,0,0,1,Brentford,2021-22,0.18888888888888888,0.0,0.0,0.0,0.0,0,0.0,0
Teemu Pukki,2021,Finland,1990,31,37,37,3253,11,3,8,3,3,4,0,1,Norwich City,2021-22,36.144444444444446,0.30433446049800184,0.08300030740854596,0.2213341530894559,0.08300030740854596,14,1.0,1
Timo Werner,2021,Germany,1996,25,21,15,1283,4,1,4,0,0,1,0,1,Chelsea,2021-22,14.255555555555556,0.2805923616523772,0.0701480904130943,0.2805923616523772,0.0,5,0.7142857142857143,0
Todd Cantwell,2021,England,1998,23,8,5,441,0,0,0,0,0,2,0,1,Norwich City,2021-22,4.9,0.0,0.0,0.0,0.0,0,0.625,0
Troy Deeney,2021,England,1988,33,2,0,25,0,0,0,0,0,0,0,1,Watford,2021-22,0.2777777777777778,0.0,0.0,0.0,0.0,0,0.0,0
Trézéguet,2021,Egypt,1994,26,1,0,11,0,0,0,0,0,0,0,1,Aston Villa,2021-22,0.12222222222222222,0.0,0.0,0.0,0.0,0,0.0,0
Tyler Roberts,2021,Wales,1999,22,23,7,987,1,1,1,0,0,5,0,1,Leeds United,2021-22,10.966666666666667,0.0911854103343465,0.0911854103343465,0.0911854103343465,0.0,2,0.30434782608695654,0
Wesley Moraes,2021,Brazil,1996,24,1,0,1,0,0,0,0,0,0,0,1,Aston Villa,2021-22,0.011111111111111112,0.0,0.0,0.0,0.0,0,0.0,0
Wilfried Zaha,2021,Ivory Coast,1992,28,33,31,2760,14,1,9,5,7,6,1,1,Crystal Palace,2021-22,30.666666666666668,0.45652173913043476,0.03260869565217391,0.2934782608695652,0.22826086956521738,15,0.9393939393939394,1
William Smallbone,2021,Ireland,2000,21,4,2,133,0,0,0,0,0,0,0,1,Southampton,2021-22,1.4777777777777779,0.0,0.0,0.0,0.0,0,0.5,0
Wout Weghorst,2021,Netherlands,1992,28,20,17,1450,2,3,2,0,0,3,0,1,Burnley,2021-22,16.11111111111111,0.12413793103448276,0.18620689655172415,0.12413793103448276,0.0,5,0.85,0
Yoane Wissa,2021,DR Congo,1996,24,30,12,1284,7,1,7,0,0,0,0,1,Brentford,2021-22,14.266666666666667,0.49065420560747663,0.07009345794392523,0.49065420560747663,0.0,8,0.4,0
Adam Armstrong,2022,England,1997,25,30,14,1335,2,1,2,0,0,2,0,1,Southampton,2022-23,14.833333333333334,0.1348314606741573,0.06741573033707865,0.1348314606741573,0.0,3,0.4666666666666667,0
Adama Traoré,2022,Spain,1996,26,34,12,1496,2,1,2,0,0,2,0,1,Wolves,2022-23,16.622222222222224,0.12032085561497326,0.06016042780748663,0.12032085561497326,0.0,3,0.35294117647058826,0
Aleksandar Mitrović,2022,Serbia,1994,27,24,23,2008,14,1,10,4,8,7,0,1,Fulham,2022-23,22.31111111111111,0.6274900398406374,0.044820717131474105,0.4482071713147411,0.35856573705179284,15,0.9583333333333334,1
Alex Mighten,2022,England,2002,20,1,0,8,0,0,0,0,0,0,0,1,Nottingham,2022-23,0.08888888888888889,0.0,0.0,0.0,0.0,0,0.0,0
Alex Oxlade-Chamberlain,2022,England,1993,28,9,4,335,1,0,1,0,0,0,0,1,Liverpool,2022-23,3.7222222222222223,0.26865671641791045,0.0,0.26865671641791045,0.0,1,0.4444444444444444,0
Alexander Isak,2022,Sweden,1999,22,22,17,1522,10,1,8,2,2,3,0,1,Newcastle,2022-23,16.91111111111111,0.5913272010512484,0.05913272010512483,0.47306176084099866,0.11826544021024966,11,0.7727272727272727,1
Allan Saint-Maximin,2022,France,1997,25,25,12,1120,1,5,1,0,0,1,0,1,Newcastle,2022-23,12.444444444444445,0.08035714285714285,0.4017857142857143,0.08035714285714285,0.0,6,0.48,0
André Ayew,2022,Ghana,1989,32,13,1,316,0,0,0,0,1,1,0,1,Nottingham,2022-23,3.511111111111111,0.0,0.0,0.0,0.2848101265822785,0,0.07692307692307693,0
Anthony Gordon,2022,England,2001,21,32,16,1582,4,0,4,0,0,7,0,2,Everton,2022-23,17.57777777777778,0.2275600505689001,0.0,0.2275600505689001,0.0,4,0.5,0
Anthony Martial,2022,France,1995,26,21,11,978,6,2,5,1,1,0,0,1,Manchester Utd,2022-23,10.866666666666667,0.5521472392638036,0.18404907975460122,0.460122699386503,0.09202453987730061,8,0.5238095238095238,0
Antoine Semenyo,2022,Ghana,2000,22,11,2,258,1,0,1,0,0,0,0,1,Bournemouth,2022-23,2.8666666666666667,0.3488372093023256,0.0,0.3488372093023256,0.0,1,0.18181818181818182,0
Armando Broja,2022,Albania,2001,20,12,2,294,1,0,1,0,0,0,0,1,Chelsea,2022-23,3.2666666666666666,0.30612244897959184,0.0,0.30612244897959184,0.0,1,0.16666666666666666,0
Bernardo Silva,2022,Portugal,1994,27,34,24,2205,4,5,4,0,0,5,0,1,Manchester City,2022-23,24.5,0.16326530612244897,0.20408163265306123,0.16326530612244897,0.0,9,0.7058823529411765,0
Brennan Johnson,2022,Wales,2001,21,38,33,2934,8,3,7,1,3,6,0,1,Nottingham,2022-23,32.6,0.24539877300613497,0.09202453987730061,0.21472392638036808,0.09202453987730061,11,0.868421052631579,1
Bryan Gil,2022,Spain,2001,21,4,2,148,0,1,0,0,0,1,0,1,Tottenham,2022-23,1.6444444444444444,0.0,0.6081081081081081,0.0,0.0,1,0.5,0
Bryan Mbeumo,2022,Cameroon,1999,22,38,36,2906,9,8,8,1,1,5,0,1,Brentford,2022-23,32.28888888888889,0.27873365450791465,0.24776324845147968,0.24776324845147968,0.03097040605643496,17,0.9473684210526315,0
Bukayo Saka,2022,England,2001,20,38,37,3181,14,11,12,2,3,6,0,1,Arsenal,2022-23,35.34444444444444,0.3961018547626533,0.31122288588494185,0.33951587551084567,0.08487896887771142,25,0.9736842105263158,1
Callum Wilson,2022,England,1992,30,31,21,1877,18,5,15,3,3,4,0,1,Newcastle,2022-23,20.855555555555554,0.8630793819925413,0.23974427277570592,0.7192328183271178,0.14384656366542356,23,0.6774193548387096,1
Cameron Archer,2022,England,2001,21,6,0,49,0,0,0,0,0,0,0,1,Aston Villa,2022-23,0.5444444444444444,0.0,0.0,0.0,0.0,0,0.0,0
Carlos Alcaraz,2022,Argentina,2002,19,18,13,1029,4,2,4,0,0,3,0,1,Southampton,2022-23,11.433333333333334,0.3498542274052478,0.1749271137026239,0.3498542274052478,0.0,6,0.7222222222222222,0
Carlos Vinícius,2022,Brazil,1995,27,28,11,1109,5,2,5,0,0,3,0,1,Fulham,2022-23,12.322222222222223,0.40577096483318303,0.1623083859332732,0.40577096483318303,0.0,7,0.39285714285714285,0
Chem Campbell,2022,Wales,2002,19,5,0,74,0,0,0,0,0,0,0,1,Wolves,2022-23,0.8222222222222222,0.0,0.0,0.0,0.0,0,0.0,0
Chris Wood,2022,New Zealand,1991,30,25,9,818,3,0,2,1,1,0,0,2,Newcastle,2022-23,9.088888888888889,0.33007334963325186,0.0,0.22004889975550124,0.11002444987775062,3,0.36,0
Christian Pulisic,2022,USA,1998,23,24,8,821,1,1,1,0,0,1,0,1,Chelsea,2022-23,9.122222222222222,0.10962241169305725,0.10962241169305725,0.10962241169305725,0.0,2,0.3333333333333333,0
Ché Adams,2022,Scotland,1996,26,28,23,1992,5,3,5,0,0,1,0,1,Southampton,2022-23,22.133333333333333,0.22590361445783133,0.1355421686746988,0.22590361445783133,0.0,8,0.8214285714285714,0
Cody Gakpo,2022,Netherlands,1999,23,21,17,1458,7,2,7,0,0,0,0,1,Liverpool,2022-23,16.2,0.4320987654320988,0.1234567901234568,0.4320987654320988,0.0,9,0.8095238095238095,0
Cole Palmer,2022,England,2002,20,14,2,370,0,1,0,0,0,1,0,1,Manchester City,2022-23,4.111111111111111,0.0,0.24324324324324326,0.0,0.0,1,0.14285714285714285,0
Cristiano Ronaldo,2022,Portugal,1985,37,10,4,525,1,0,1,0,0,2,0,1,Manchester Utd,2022-23,5.833333333333333,0.17142857142857143,0.0,0.17142857142857143,0.0,1,0.4,0
Crysencio Summerville,2022,Netherlands,2001,20,28,12,1426,4,2,4,0,0,4,0,1,Leeds United,2022-23,15.844444444444445,0.25245441795231416,0.12622720897615708,0.25245441795231416,0.0,6,0.42857142857142855,0
Daniel James,2022,Wales,1997,24,20,5,621,2,1,2,0,0,0,0,1,Fulham,2022-23,6.9,0.2898550724637681,0.14492753623188406,0.2898550724637681,0.0,3,0.25,0
Daniel Podence,2022,Portugal,1995,26,32,20,1771,6,0,6,0,0,5,0,1,Wolves,2022-23,19.677777777777777,0.3049124788255223,0.0,0.3049124788255223,0.0,6,0.625,0
Danny Ings,2022,England,1992,30,35,15,1599,8,2,6,2,2,4,0,2,Aston Villa,2022-23,17.766666666666666,0.45028142589118203,0.11257035647279551,0.3377110694183865,0.11257035647279551,10,0.42857142857142855,1
Danny Welbeck,2022,England,1990,31,31,21,1854,6,3,6,0,0,0,0,1,Brighton,2022-23,20.6,0.2912621359223301,0.14563106796116504,0.2912621359223301,0.0,9,0.6774193548387096,0
Darwin Núñez,2022,Uruguay,1999,23,29,19,1695,9,3,9,0,0,1,1,1,Liverpool,2022-23,18.833333333333332,0.4778761061946903,0.1592920353982301,0.4778761061946903,0.0,12,0.6551724137931034,0
David Datro Fofana,2022,Ivory Coast,2002,19,3,1,70,0,0,0,0,0,0,0,1,Chelsea,2022-23,0.7777777777777778,0.0,0.0,0.0,0.0,0,0.3333333333333333,0
Dejan Kulusevski,2022,Sweden,2000,22,30,23,2067,2,7,2,0,0,2,0,1,Tottenham,2022-23,22.966666666666665,0.08708272859216257,0.30478955007256897,0.08708272859216257,0.0,9,0.7666666666666667,0
Dele Alli,2022,England,1996,26,2,0,40,0,0,0,0,0,0,0,1,Everton,2022-23,0.4444444444444444,0.0,0.0,0.0,0.0,0,0.0,0
Demarai Gray,2022,Jamaica,1996,26,33,27,2507,4,1,2,2,2,3,0,1,Everton,2022-23,27.855555555555554,0.14359792580773834,0.035899481451934584,0.07179896290386917,0.07179896290386917,5,0.8181818181818182,1
Deniz Undav,2022,Germany,1996,26,22,6,628,5,0,5,0,0,2,0,1,Brighton,2022-23,6.977777777777778,0.7165605095541401,0.0,0.7165605095541401,0.0,5,0.2727272727272727,0
Diego Costa,2022,Spain,1988,33,23,16,1241,1,0,1,0,0,5,1,1,Wolves,2022-23,13.78888888888889,0.072522159548751,0.0,0.072522159548751,0.0,1,0.6956521739130435,0
Diogo Jota,2022,Portugal,1996,25,22,12,1131,7,4,7,0,0,2,0,1,Liverpool,2022-23,12.566666666666666,0.5570291777188329,0.3183023872679045,0.5570291777188329,0.0,11,0.5454545454545454,0
Divin Mubama,2022,England,2004,17,3,0,38,0,0,0,0,0,0,0,1,West Ham,2022-23,0.4222222222222222,0.0,0.0,0.0,0.0,0,0.0,0
Dominic Ballard,2022,England,2005,17,2,0,26,0,0,0,0,0,0,0,1,Southampton,2022-23,0.28888888888888886,0.0,0.0,0.0,0.0,0,0.0,0
Dominic Calvert-Lewin,2022,England,1997,25,17,15,1165,2,1,1,1,1,3,0,1,Everton,2022-23,12.944444444444445,0.15450643776824033,0.07725321888412016,0.07725321888412016,0.07725321888412016,3,0.8823529411764706,0
Dominic Solanke,2022,England,1997,24,33,32,2860,6,7,6,0,0,2,0,1,Bournemouth,2022-23,31.77777777777778,0.1888111888111888,0.2202797202797203,0.1888111888111888,0.0,13,0.9696969696969697,0
Dwight McNeil,2022,England,1999,22,36,28,2498,7,3,7,0,0,5,0,1,Everton,2022-23,27.755555555555556,0.2522017614091273,0.10808646917534027,0.2522017614091273,0.0,10,0.7777777777777778,0
Eberechi Eze,2022,England,1998,24,38,30,2636,10,4,9,1,1,3,0,1,Crystal Palace,2022-23,29.288888888888888,0.34142640364188165,0.13657056145675267,0.30728376327769347,0.03414264036418817,14,0.7894736842105263,0
Eddie Nketiah,2022,England,1999,23,30,9,1089,4,1,4,0,0,3,0,1,Arsenal,2022-23,12.1,0.3305785123966942,0.08264462809917356,0.3305785123966942,0.0,5,0.3,0
Ellis Simms,2022,England,2001,21,11,2,228,1,0,1,0,0,0,0,1,Everton,2022-23,2.533333333333333,0.39473684210526316,0.0,0.39473684210526316,0.0,1,0.18181818181818182,0
Emi Buendía,2022,Argentina,1996,25,38,27,2412,5,2,5,0,0,0,0,1,Aston Villa,2022-23,26.8,0.18656716417910446,0.07462686567164178,0.18656716417910446,0.0,7,0.7105263157894737,0
Emiliano Marcondes,2022,Denmark,1995,27,1,0,9,0,0,0,0,0,0,0,1,Bournemouth,2022-23,0.1,0.0,0.0,0.0,0.0,0,0.0,0
Emmanuel Dennis,2022,Nigeria,1997,24,19,6,720,2,2,2,0,0,3,0,1,Nottingham,2022-23,8.0,0.25,0.25,0.25,0.0,4,0.3157894736842105,0
Enock Mwepu,2022,Zambia,1998,24,6,2,213,0,1,0,0,0,0,0,1,Brighton,2022-23,2.3666666666666667,0.0,0.4225352112676056,0.0,0.0,1,0.3333333333333333,0
Erling Haaland,2022,Norway,2000,22,35,33,2769,36,8,29,7,7,5,0,1,Manchester City,2022-23,30.766666666666666,1.1700975081256773,0.2600216684723727,0.9425785482123511,0.22751895991332613,44,0.9428571428571428,1
Evan Ferguson,2022,Ireland,2004,17,19,10,950,6,2,6,0,0,1,0,1,Brighton,2022-23,10.555555555555555,0.5684210526315789,0.18947368421052632,0.5684210526315789,0.0,8,0.5263157894736842,0
Fabio Carvalho,2022,Portugal,2002,19,13,4,347,2,0,2,0,0,0,0,1,Liverpool,2022-23,3.8555555555555556,0.5187319884726225,0.0,0.5187319884726225,0.0,2,0.3076923076923077,0
Facundo Pellistri,2022,Uruguay,2001,20,4,0,64,0,0,0,0,0,0,0,1,Manchester Utd,2022-23,0.7111111111111111,0.0,0.0,0.0,0.0,0,0.0,0
Gabriel Jesus,2022,Brazil,1997,25,26,24,2064,11,6,10,1,1,6,0,1,Arsenal,2022-23,22.933333333333334,0.4796511627906977,0.2616279069767442,0.436046511627907,0.0436046511627907,17,0.9230769230769231,0
Gabriel Martinelli,2022,Brazil,2001,21,36,34,2789,15,5,15,0,0,3,0,1,Arsenal,2022-23,30.988888888888887,0.48404446038006455,0.16134815346002152,0.48404446038006455,0.0,20,0.9444444444444444,0
Georginio Rutter,2022,France,2002,20,11,1,273,0,1,0,0,0,0,0,1,Leeds United,2022-23,3.033333333333333,0.0,0.32967032967032966,0.0,0.0,1,0.09090909090909091,0
Gianluca Scamacca,2022,Italy,1999,23,16,11,926,3,0,3,0,0,3,0,1,West Ham,2022-23,10.28888888888889,0.2915766738660907,0.0,0.2915766738660907,0.0,3,0.6875,0
Gonçalo Guedes,2022,Portugal,1996,25,13,8,707,1,1,1,0,0,1,0,1,Wolves,2022-23,7.855555555555555,0.1272984441301273,0.1272984441301273,0.1272984441301273,0.0,2,0.6153846153846154,0
Hakim Ziyech,2022,Morocco,1993,29,18,6,661,0,3,0,0,0,1,0,1,Chelsea,2022-23,7.344444444444444,0.0,0.4084720121028744,0.0,0.0,3,0.3333333333333333,0
Halil Dervişoğlu,2022,Turkey,1999,22,1,0,8,0,0,0,0,0,0,0,1,Brentford,2022-23,0.08888888888888889,0.0,0.0,0.0,0.0,0,0.0,0
Harry Kane,2022,England,1993,29,38,38,3405,30,3,25,5,6,6,0,1,Tottenham,2022-23,37.833333333333336,0.7929515418502202,0.07929515418502202,0.6607929515418501,0.15859030837004404,33,1.0,1
Harvey Barnes,2022,England,1997,24,34,32,2711,13,1,13,0,0,3,0,1,Leicester City,2022-23,30.122222222222224,0.43157506455182587,0.03319808188860199,0.43157506455182587,0.0,14,0.9411764705882353,0
Hwang Hee-chan,2022,South Korea,1996,26,27,12,1130,3,1,3,0,0,1,0,1,Wolves,2022-23,12.555555555555555,0.23893805309734514,0.07964601769911504,0.23893805309734514,0.0,4,0.4444444444444444,0
Ivan Toney,2022,England,1996,26,33,33,2951,20,4,14,6,7,9,0,1,Brentford,2022-23,32.78888888888889,0.6099627245001694,0.12199254490003388,0.42697390715011857,0.21348695357505929,24,1.0,1
Jack Grealish,2022,England,1995,26,28,23,2055,5,7,5,0,0,4,0,1,Manchester City,2022-23,22.833333333333332,0.21897810218978103,0.30656934306569344,0.21897810218978103,0.0,12,0.8214285714285714,0
Jacob Murphy,2022,England,1995,27,36,14,1251,4,2,4,0,0,0,0,1,Newcastle,2022-23,13.9,0.28776978417266186,0.14388489208633093,0.28776978417266186,0.0,6,0.3888888888888889,0
Jamal Lowe,2022,Jamaica,1994,28,2,0,12,0,0,0,0,0,0,0,1,Bournemouth,2022-23,0.13333333333333333,0.0,0.0,0.0,0.0,0,0.0,0
James Maddison,2022,England,1996,25,30,28,2480,10,9,9,1,2,10,0,1,Leicester City,2022-23,27.555555555555557,0.36290322580645157,0.32661290322580644,0.32661290322580644,0.07258064516129031,19,0.9333333333333333,1
Jamie Vardy,2022,England,1987,35,37,19,1857,3,4,3,0,1,1,0,1,Leicester City,2022-23,20.633333333333333,0.14539579967689822,0.1938610662358643,0.14539579967689822,0.048465266558966075,7,0.5135135135135135,0
Jarrod Bowen,2022,England,1996,25,38,36,3233,6,5,5,1,2,2,0,1,West Ham,2022-23,35.922222222222224,0.16702752861119702,0.13918960717599752,0.13918960717599752,0.055675842870399006,11,0.9473684210526315,1
Jean-Philippe Mateta,2022,France,1997,25,29,6,770,2,0,2,0,0,3,0,1,Crystal Palace,2022-23,8.555555555555555,0.23376623376623376,0.0,0.23376623376623376,0.0,2,0.20689655172413793,0
Jesse Lingard,2022,England,1992,29,17,12,923,0,0,0,0,0,1,0,1,Nottingham,2022-23,10.255555555555556,0.0,0.0,0.0,0.0,0,0.7058823529411765,0
Joe Aribo,2022,Nigeria,1996,26,21,13,1224,2,0,2,0,0,2,0,1,Southampton,2022-23,13.6,0.14705882352941177,0.0,0.14705882352941177,0.0,2,0.6190476190476191,0
Joe Gelhardt,2022,England,2002,20,15,1,212,0,2,0,0,0,1,0,1,Leeds United,2022-23,2.3555555555555556,0.0,0.8490566037735848,0.0,0.0,2,0.06666666666666667,0
Joelinton,2022,Brazil,1996,25,32,30,2661,6,1,6,0,0,12,0,1,Newcastle,2022-23,29.566666666666666,0.20293122886133033,0.033821871476888386,0.20293122886133033,0.0,7,0.9375,0
Jordan Ayew,2022,Ghana,1991,30,38,31,2714,4,3,4,0,0,5,0,1,Crystal Palace,2022-23,30.155555555555555,0.13264554163596168,0.09948415622697127,0.13264554163596168,0.0,7,0.8157894736842105,0
Josh Onomah,2022,England,1997,25,2,0,15,0,0,0,0,0,0,0,1,Fulham,2022-23,0.16666666666666666,0.0,0.0,0.0,0.0,0,0.0,0
João Félix,2022,Portugal,1999,22,16,11,941,4,0,4,0,0,1,1,1,Chelsea,2022-23,10.455555555555556,0.38257173219978746,0.0,0.38257173219978746,0.0,4,0.6875,0
Julio Enciso,2022,Paraguay,2004,18,20,7,806,4,2,4,0,0,1,0,1,Brighton,2022-23,8.955555555555556,0.4466501240694789,0.22332506203473945,0.4466501240694789,0.0,6,0.35,0
Julián Álvarez,2022,Argentina,2000,22,31,13,1465,9,0,8,1,1,0,0,1,Manchester City,2022-23,16.27777777777778,0.552901023890785,0.0,0.49146757679180886,0.06143344709897611,9,0.41935483870967744,0
Jáder Durán,2022,Colombia,2003,18,12,0,136,0,0,0,0,0,1,0,1,Aston Villa,2022-23,1.511111111111111,0.0,0.0,0.0,0.0,0,0.0,0
Kai Havertz,2022,Germany,1999,23,35,30,2569,7,1,6,1,1,5,0,1,Chelsea,2022-23,28.544444444444444,0.2452316076294278,0.03503308680420397,0.21019852082522383,0.03503308680420397,8,0.8571428571428571,0
Kamaldeen Sulemana,2022,Ghana,2002,20,18,10,966,2,1,2,0,0,1,0,1,Southampton,2022-23,10.733333333333333,0.1863354037267081,0.09316770186335405,0.1863354037267081,0.0,3,0.5555555555555556,0
Keane Lewis-Potter,2022,England,2001,21,10,3,321,0,1,0,0,0,0,0,1,Brentford,2022-23,3.566666666666667,0.0,0.2803738317757009,0.0,0.0,1,0.3,0
Kelechi Iheanacho,2022,Nigeria,1996,25,28,11,1127,5,5,4,1,1,0,0,1,Leicester City,2022-23,12.522222222222222,0.3992901508429459,0.3992901508429459,0.3194321206743567,0.07985803016858918,10,0.39285714285714285,0
Kevin Schade,2022,Germany,2001,20,18,7,732,0,1,0,0,0,2,0,1,Brentford,2022-23,8.133333333333333,0.0,0.12295081967213116,0.0,0.0,1,0.3888888888888889,0
Kieffer Moore,2022,Wales,1992,29,27,12,1279,4,0,4,0,0,1,0,1,Bournemouth,2022-23,14.21111111111111,0.2814698983580923,0.0,0.2814698983580923,0.0,4,0.4444444444444444,0
Leandro Trossard,2022,Belgium,1994,27,36,26,2246,8,12,8,0,0,1,0,2,Brighton,2022-23,24.955555555555556,0.3205699020480855,0.4808548530721282,0.3205699020480855,0.0,20,0.7222222222222222,0
Leon Bailey,2022,Jamaica,1997,24,33,26,1967,4,4,4,0,0,4,0,1,Aston Villa,2022-23,21.855555555555554,0.18301982714794104,0.18301982714794104,0.18301982714794104,0.0,8,0.7878787878787878,0
Lucas Moura,2022,Brazil,1992,29,15,0,153,1,0,1,0,0,0,1,1,Tottenham,2022-23,1.7,0.5882352941176471,0.0,0.5882352941176471,0.0,1,0.0,0
Luis Díaz,2022,Colombia,1997,25,17,11,996,4,2,4,0,0,2,0,1,Liverpool,2022-23,11.066666666666666,0.3614457831325301,0.18072289156626506,0.3614457831325301,0.0,6,0.6470588235294118,0
Marcus Rashford,2022,England,1997,24,35,32,2879,17,5,17,0,0,2,0,1,Manchester Utd,2022-23,31.988888888888887,0.5314345258770407,0.15630427231677665,0.5314345258770407,0.0,22,0.9142857142857143,0
Mateo Joseph,2022,Spain,2003,18,3,0,26,0,0,0,0,0,0,0,1,Leeds United,2022-23,0.28888888888888886,0.0,0.0,0.0,0.0,0,0.0,0
Matheus Cunha,2022,Brazil,1999,23,17,12,965,2,0,2,0,0,1,0,1,Wolves,2022-23,10.722222222222221,0.18652849740932645,0.0,0.18652849740932645,0.0,2,0.7058823529411765,0
Michael Olise,2022,France,2001,20,37,31,2749,2,11,2,0,0,2,0,1,Crystal Palace,2022-23,30.544444444444444,0.06547835576573299,0.36013095671153145,0.06547835576573299,0.0,13,0.8378378378378378,0
Michail Antonio,2022,Jamaica,1990,32,33,21,1829,5,3,5,0,0,2,0,1,West Ham,2022-23,20.322222222222223,0.24603608529250956,0.14762165117550574,0.24603608529250956,0.0,8,0.6363636363636364,0
Miguel Almirón,2022,Paraguay,1994,28,34,29,2491,11,2,11,0,0,2,0,1,Newcastle,2022-23,27.677777777777777,0.3974307507025291,0.07226013649136893,0.3974307507025291,0.0,13,0.8529411764705882,0
Mikkel Damsgaard,2022,Denmark,2000,22,26,9,988,0,0,0,0,0,4,0,1,Brentford,2022-23,10.977777777777778,0.0,0.0,0.0,0.0,0,0.34615384615384615,0
Mislav Oršić,2022,Croatia,1992,29,1,0,7,0,0,0,0,0,0,0,1,Southampton,2022-23,0.07777777777777778,0.0,0.0,0.0,0.0,0,0.0,0
Mohamed Salah,2022,Egypt,1992,30,38,37,3290,19,12,17,2,4,2,0,1,Liverpool,2022-23,36.55555555555556,0.5197568389057751,0.3282674772036474,0.46504559270516715,0.1094224924012158,31,0.9736842105263158,1
Morgan Gibbs-White,2022,England,2000,22,35,34,2971,5,8,3,2,2,5,0,1,Nottingham,2022-23,33.01111111111111,0.15146415348367553,0.24234264557388083,0.0908784920902053,0.06058566139347021,13,0.9714285714285714,1
Mykhailo Mudryk,2022,Ukraine,2001,21,15,7,657,0,2,0,0,0,1,0,1,Chelsea,2022-23,7.3,0.0,0.273972602739726,0.0,0.0,2,0.4666666666666667,0
Nathan Redmond,2022,England,1994,28,1,0,1,0,0,0,0,0,0,0,1,Southampton,2022-23,0.011111111111111112,0.0,0.0,0.0,0.0,0,0.0,0
Neal Maupay,2022,France,1996,25,27,11,1118,1,0,1,0,0,4,0,1,Everton,2022-23,12.422222222222222,0.08050089445438283,0.0,0.08050089445438283,0.0,1,0.4074074074074074,0
Noni Madueke,2022,England,2002,20,12,7,643,1,0,1,0,0,0,0,1,Chelsea,2022-23,7.144444444444445,0.1399688958009331,0.0,0.1399688958009331,0.0,1,0.5833333333333334,0
Odsonne Édouard,2022,France,1998,24,35,20,1803,5,2,5,0,0,3,0,1,Crystal Palace,2022-23,20.033333333333335,0.24958402662229615,0.09983361064891846,0.24958402662229615,0.0,7,0.5714285714285714,0
Ollie Watkins,2022,England,1995,26,37,36,3127,15,6,14,1,2,4,0,1,Aston Villa,2022-23,34.74444444444445,0.43172369683402617,0.17268947873361049,0.4029421170450911,0.05756315957787016,21,0.972972972972973,1
Pablo Sarabia,2022,Spain,1992,30,13,9,765,1,0,1,0,0,3,0,1,Wolves,2022-23,8.5,0.11764705882352941,0.0,0.11764705882352941,0.0,1,0.6923076923076923,0
Patrick Bamford,2022,England,1993,28,28,18,1515,4,2,4,0,2,3,0,1,Leeds United,2022-23,16.833333333333332,0.23762376237623764,0.11881188118811882,0.23762376237623764,0.11881188118811882,6,0.6428571428571429,1
Patson Daka,2022,Zambia,1998,23,30,13,1187,4,4,4,0,0,2,0,1,Leicester City,2022-23,13.188888888888888,0.3032855939342881,0.3032855939342881,0.3032855939342881,0.0,8,0.43333333333333335,0
Paul Onuachu,2022,Nigeria,1994,28,11,4,407,0,0,0,0,0,0,0,1,Southampton,2022-23,4.522222222222222,0.0,0.0,0.0,0.0,0,0.36363636363636365,0
Pedro Neto,2022,Portugal,2000,22,18,13,964,0,0,0,0,0,1,0,1,Wolves,2022-23,10.71111111111111,0.0,0.0,0.0,0.0,0,0.7222222222222222,0
Phil Foden,2022,England,2000,22,32,22,1842,11,6,11,0,0,1,0,1,Manchester City,2022-23,20.466666666666665,0.5374592833876222,0.2931596091205212,0.5374592833876222,0.0,17,0.6875,0
Philip Billing,2022,Denmark,1996,26,36,34,2764,7,1,7,0,0,5,0,1,Bournemouth,2022-23,30.711111111111112,0.22793053545586106,0.03256150506512301,0.22793053545586106,0.0,8,0.9444444444444444,0
Philippe Coutinho,2022,Brazil,1992,30,20,7,788,1,0,1,0,0,3,0,1,Aston Villa,2022-23,8.755555555555556,0.11421319796954314,0.0,0.11421319796954314,0.0,1,0.35,0
Pierre-Emerick Aubameyang,2022,Gabon,1989,33,15,5,554,1,0,1,0,0,1,0,1,Chelsea,2022-23,6.155555555555556,0.1624548736462094,0.0,0.1624548736462094,0.0,1,0.3333333333333333,0
Raheem Sterling,2022,England,1994,27,28,23,1891,6,3,6,0,0,4,0,1,Chelsea,2022-23,21.011111111111113,0.2855631940772078,0.1427815970386039,0.2855631940772078,0.0,9,0.8214285714285714,0
Raúl Jiménez,2022,Mexico,1991,31,15,8,846,0,1,0,0,0,0,0,1,Wolves,2022-23,9.4,0.0,0.10638297872340426,0.0,0.0,1,0.5333333333333333,0
Reiss Nelson,2022,England,1999,22,11,0,212,3,2,3,0,0,0,0,1,Arsenal,2022-23,2.3555555555555556,1.2735849056603774,0.8490566037735848,1.2735849056603774,0.0,5,0.0,0
Richarlison,2022,Brazil,1997,25,27,12,1010,1,3,1,0,0,3,0,1,Tottenham,2022-23,11.222222222222221,0.08910891089108912,0.26732673267326734,0.08910891089108912,0.0,4,0.4444444444444444,0
Riyad Mahrez,2022,Algeria,1991,31,30,22,1920,5,10,4,1,1,2,0,1,Manchester City,2022-23,21.333333333333332,0.234375,0.46875,0.1875,0.046875,15,0.7333333333333333,0
Roberto Firmino,2022,Brazil,1991,30,25,13,1213,11,4,11,0,0,0,0,1,Liverpool,2022-23,13.477777777777778,0.8161582852431987,0.2967848309975268,0.8161582852431987,0.0,15,0.52,0
Rodrigo,2022,Spain,1991,31,31,23,1935,13,1,12,1,1,6,0,1,Leeds United,2022-23,21.5,0.6046511627906976,0.046511627906976744,0.5581395348837209,0.046511627906976744,14,0.7419354838709677,0
Ryan Fraser,2022,Scotland,1994,28,8,3,313,0,0,0,0,0,1,0,1,Newcastle,2022-23,3.477777777777778,0.0,0.0,0.0,0.0,0,0.375,0
Salomón Rondón,2022,Venezuela,1989,32,7,1,109,0,0,0,0,0,0,0,1,Everton,2022-23,1.211111111111111,0.0,0.0,0.0,0.0,0,0.14285714285714285,0
Sam Surridge,2022,England,1998,24,20,1,323,1,0,1,0,0,2,0,1,Nottingham,2022-23,3.588888888888889,0.2786377708978328,0.0,0.2786377708978328,0.0,1,0.05,0
Saman Ghoddos,2022,Iran,1993,28,15,0,139,0,0,0,0,0,0,0,1,Brentford,2022-23,1.5444444444444445,0.0,0.0,0.0,0.0,0,0.0,0
Samuel Amo-Ameyaw,2022,England,2006,16,1,0,4,0,0,0,0,0,0,0,1,Southampton,2022-23,0.044444444444444446,0.0,0.0,0.0,0.0,0,0.0,0
Samuel Edozie,2022,England,2003,19,17,5,567,0,0,0,0,0,0,0,1,Southampton,2022-23,6.3,0.0,0.0,0.0,0.0,0,0.29411764705882354,0
Saïd Benrahma,2022,Algeria,1995,26,35,22,2069,6,3,2,4,4,0,0,1,West Ham,2022-23,22.988888888888887,0.2609956500724988,0.1304978250362494,0.08699855002416627,0.17399710004833255,9,0.6285714285714286,1
Saša Kalajdžić,2022,Austria,1997,25,1,1,45,0,0,0,0,0,0,0,1,Wolves,2022-23,0.5,0.0,0.0,0.0,0.0,0,1.0,0
Sekou Mara,2022,France,2002,20,22,4,555,1,2,1,0,0,1,0,1,Southampton,2022-23,6.166666666666667,0.16216216216216214,0.3243243243243243,0.16216216216216214,0.0,3,0.18181818181818182,0
Sergi Canós,2022,Spain,1997,25,5,0,77,0,0,0,0,0,0,0,1,Brentford,2022-23,0.8555555555555555,0.0,0.0,0.0,0.0,0,0.0,0
Sergio Gómez,2022,Spain,2000,21,12,2,349,0,1,0,0,0,0,0,1,Manchester City,2022-23,3.8777777777777778,0.0,0.25787965616045844,0.0,0.0,1,0.16666666666666666,0
Siriki Dembélé,2022,Ivory Coast,1996,25,6,0,110,0,0,0,0,0,0,0,1,Bournemouth,2022-23,1.2222222222222223,0.0,0.0,0.0,0.0,0,0.0,0
Son Heung-min,2022,South Korea,1992,30,36,33,2888,10,6,10,0,0,2,0,1,Tottenham,2022-23,32.08888888888889,0.31163434903047094,0.18698060941828254,0.31163434903047094,0.0,16,0.9166666666666666,0
Taiwo Awoniyi,2022,Nigeria,1997,24,27,17,1404,10,1,10,0,0,2,0,1,Nottingham,2022-23,15.6,0.6410256410256411,0.06410256410256411,0.6410256410256411,0.0,11,0.6296296296296297,0
Tetê,2022,Brazil,2000,22,13,9,734,1,0,1,0,0,0,0,1,Leicester City,2022-23,8.155555555555555,0.1226158038147139,0.0,0.1226158038147139,0.0,1,0.6923076923076923,0
Theo Walcott,2022,England,1989,33,20,13,1129,2,2,2,0,0,1,0,1,Southampton,2022-23,12.544444444444444,0.15943312666076173,0.15943312666076173,0.15943312666076173,0.0,4,0.65,0
Tom Cannon,2022,Ireland,2002,19,2,0,25,0,0,0,0,0,0,0,1,Everton,2022-23,0.2777777777777778,0.0,0.0,0.0,0.0,0,0.0,0
Wilfried Gnonto,2022,Italy,2003,18,24,14,1354,2,4,2,0,0,7,0,1,Leeds United,2022-23,15.044444444444444,0.1329394387001477,0.2658788774002954,0.1329394387001477,0.0,6,0.5833333333333334,0
Wilfried Zaha,2022,Ivory Coast,1992,29,27,27,2288,7,2,7,0,2,5,0,1,Crystal Palace,2022-23,25.42222222222222,0.27534965034965037,0.07867132867132867,0.27534965034965037,0.07867132867132867,9,1.0,1
Wout Weghorst,2022,Netherlands,1992,29,17,10,797,0,1,0,0,0,1,0,1,Manchester Utd,2022-23,8.855555555555556,0.0,0.11292346298619824,0.0,0.0,1,0.5882352941176471,0
Yoane Wissa,2022,DR Congo,1996,25,38,16,1606,7,3,7,0,0,3,0,1,Brentford,2022-23,17.844444444444445,0.39227895392278955,0.16811955168119552,0.39227895392278955,0.0,10,0.42105263157894735,0
Alejo Véliz,2023,Argentina,2003,19,8,0,50,1,0,1,0,0,1,0,1,Tottenham,2023-24,0.5555555555555556,1.7999999999999998,0.0,1.7999999999999998,0.0,1,0.0,0
Aleksandar Mitrović,2023,Serbia,1994,28,1,0,33,0,0,0,0,0,0,0,1,Fulham,2023-24,0.36666666666666664,0.0,0.0,0.0,0.0,0,0.0,0
Alexander Isak,2023,Sweden,1999,23,30,27,2255,21,2,16,5,6,1,0,1,Newcastle,2023-24,25.055555555555557,0.8381374722838137,0.07982261640798226,0.6385809312638581,0.23946784922394676,23,0.9,1
Amadou Diallo,2023,England,2003,20,1,0,1,0,0,0,0,0,0,0,1,Newcastle,2023-24,0.011111111111111112,0.0,0.0,0.0,0.0,0,0.0,0
Anass Zaroury,2023,Morocco,2000,22,6,1,152,0,0,0,0,0,0,1,1,Burnley,2023-24,1.6888888888888889,0.0,0.0,0.0,0.0,0,0.16666666666666666,0
Andros Townsend,2023,England,1991,32,27,14,1210,1,3,1,0,0,1,0,1,Luton Town,2023-24,13.444444444444445,0.0743801652892562,0.2231404958677686,0.0743801652892562,0.0,4,0.5185185185185185,0
Ansu Fati,2023,Spain,2002,20,19,3,521,2,0,2,0,0,2,0,1,Brighton,2023-24,5.788888888888889,0.345489443378119,0.0,0.345489443378119,0.0,2,0.15789473684210525,0
Anthony Elanga,2023,Sweden,2002,21,36,25,2433,5,9,5,0,0,1,0,1,Nottingham,2023-24,27.033333333333335,0.1849568434032059,0.3329223181257706,0.1849568434032059,0.0,14,0.6944444444444444,0
Anthony Gordon,2023,England,2001,22,35,34,2890,11,10,10,1,1,12,1,1,Newcastle,2023-24,32.111111111111114,0.34256055363321797,0.3114186851211072,0.3114186851211072,0.031141868512110725,21,0.9714285714285714,0
Anthony Martial,2023,France,1995,27,13,5,448,1,0,1,0,0,0,0,1,Manchester Utd,2023-24,4.977777777777778,0.20089285714285715,0.0,0.20089285714285715,0.0,1,0.38461538461538464,0
Antwoine Hackford,2023,England,2004,19,2,0,13,0,0,0,0,0,0,0,1,Sheffield United,2023-24,0.14444444444444443,0.0,0.0,0.0,0.0,0,0.0,0
Armando Broja,2023,Albania,2001,21,21,6,542,1,1,1,0,0,0,0,2,Chelsea,2023-24,6.022222222222222,0.16605166051660517,0.16605166051660517,0.16605166051660517,0.0,2,0.2857142857142857,0
Arnaut Danjuma,2023,Netherlands,1997,26,14,5,595,1,0,1,0,0,0,0,1,Everton,2023-24,6.611111111111111,0.1512605042016807,0.0,0.1512605042016807,0.0,1,0.35714285714285715,0
Ben Brereton,2023,Chile,1999,24,14,14,1105,6,1,5,1,1,3,0,1,Sheffield United,2023-24,12.277777777777779,0.48868778280542985,0.08144796380090497,0.4072398190045249,0.08144796380090497,7,1.0,0
Ben Parkinson,2023,England,2005,18,1,0,25,0,0,0,0,0,0,0,1,Newcastle,2023-24,0.2777777777777778,0.0,0.0,0.0,0.0,0,0.0,0
Benicio Boaitey,2023,England,2004,19,5,0,40,0,0,0,0,0,1,0,1,Brighton,2023-24,0.4444444444444444,0.0,0.0,0.0,0.0,0,0.0,0
Bertrand Traoré,2023,Burkina Faso,1995,27,2,0,11,0,0,0,0,0,0,0,1,Aston Villa,2023-24,0.12222222222222222,0.0,0.0,0.0,0.0,0,0.0,0
Beto,2023,Guinea-Bissau,1998,25,30,9,951,3,0,3,0,1,2,0,1,Everton,2023-24,10.566666666666666,0.28391167192429023,0.0,0.28391167192429023,0.09463722397476342,3,0.3,0
Bobby De Cordova-Reid,2023,Jamaica,1993,30,33,17,1423,6,2,6,0,0,4,0,1,Fulham,2023-24,15.811111111111112,0.3794799718903724,0.12649332396345747,0.3794799718903724,0.0,8,0.5151515151515151,0
Brennan Johnson,2023,Wales,2001,22,35,26,2322,5,10,5,0,0,3,0,2,Tottenham,2023-24,25.8,0.19379844961240308,0.38759689922480617,0.19379844961240308,0.0,15,0.7428571428571429,0
Bryan Mbeumo,2023,Cameroon,1999,23,25,22,1960,9,6,6,3,3,2,0,1,Brentford,2023-24,21.77777777777778,0.41326530612244894,0.2755102040816326,0.2755102040816326,0.1377551020408163,15,0.88,1
Bukayo Saka,2023,England,2001,21,35,35,2919,16,9,10,6,6,4,0,1,Arsenal,2023-24,32.43333333333333,0.49331963001027757,0.2774922918807811,0.30832476875642345,0.1849948612538541,25,1.0,1
Bénie Traoré,2023,Ivory Coast,2002,20,8,3,387,0,0,0,0,0,0,0,1,Sheffield United,2023-24,4.3,0.0,0.0,0.0,0.0,0,0.375,0
Callum Hudson-Odoi,2023,England,2000,22,29,20,1854,8,1,8,0,0,0,0,1,Nottingham,2023-24,20.6,0.3883495145631068,0.04854368932038835,0.3883495145631068,0.0,9,0.6896551724137931,0
Callum Wilson,2023,England,1992,31,20,9,991,9,1,7,2,2,3,0,1,Newcastle,2023-24,11.011111111111111,0.8173562058526741,0.09081735620585267,0.6357214934409687,0.18163471241170534,10,0.45,1
Cameron Archer,2023,England,2001,22,30,21,1838,4,1,4,0,0,2,0,2,Sheffield United,2023-24,20.42222222222222,0.19586507072905332,0.04896626768226333,0.19586507072905332,0.0,5,0.7,0
Carlos Vinícius,2023,Brazil,1995,28,13,2,315,2,0,2,0,0,2,0,1,Fulham,2023-24,3.5,0.5714285714285714,0.0,0.5714285714285714,0.0,2,0.15384615384615385,0
Carlton Morris,2023,England,1995,27,38,32,2862,11,4,6,5,5,4,0,1,Luton Town,2023-24,31.8,0.34591194968553457,0.12578616352201258,0.18867924528301885,0.15723270440251572,15,0.8421052631578947,1
Cauley Woodrow,2023,England,1994,28,24,2,427,1,1,1,0,0,2,0,1,Luton Town,2023-24,4.7444444444444445,0.2107728337236534,0.2107728337236534,0.2107728337236534,0.0,2,0.08333333333333333,0
Chris Wood,2023,New Zealand,1991,31,31,20,1812,14,1,14,0,0,0,0,1,Nottingham,2023-24,20.133333333333333,0.695364238410596,0.049668874172185434,0.695364238410596,0.0,15,0.6451612903225806,0
Christopher Nkunku,2023,France,1997,25,11,2,443,3,0,3,0,0,0,0,1,Chelsea,2023-24,4.9222222222222225,0.6094808126410834,0.0,0.6094808126410834,0.0,3,0.18181818181818182,0
Cody Gakpo,2023,Netherlands,1999,24,35,17,1649,8,5,8,0,0,1,0,1,Liverpool,2023-24,18.322222222222223,0.4366282595512432,0.27289266221952696,0.4366282595512432,0.0,13,0.4857142857142857,0
Cole Palmer,2023,England,2002,21,34,29,2618,22,11,13,9,9,7,0,2,Chelsea,2023-24,29.08888888888889,0.7563025210084033,0.37815126050420167,0.44690603514132926,0.3093964858670741,33,0.8529411764705882,1
Dane Scarlett,2023,England,2004,19,4,0,22,0,0,0,0,0,0,0,1,Tottenham,2023-24,0.24444444444444444,0.0,0.0,0.0,0.0,0,0.0,0
Daniel Jebbison,2023,Canada,2003,19,1,0,21,0,0,0,0,0,0,0,1,Sheffield United,2023-24,0.23333333333333334,0.0,0.0,0.0,0.0,0,0.0,0
Danny Ings,2023,England,1992,31,20,3,404,1,0,1,0,0,1,0,1,West Ham,2023-24,4.488888888888889,0.22277227722772278,0.0,0.22277227722772278,0.0,1,0.15,0
Danny Welbeck,2023,England,1990,32,29,21,1693,5,1,5,0,0,4,0,1,Brighton,2023-24,18.81111111111111,0.26580035440047256,0.05316007088009451,0.26580035440047256,0.0,6,0.7241379310344828,0
Darwin Núñez,2023,Uruguay,1999,24,36,22,2047,11,8,11,0,1,9,0,1,Liverpool,2023-24,22.744444444444444,0.4836345872007817,0.3517342452369321,0.4836345872007817,0.04396678065461651,19,0.6111111111111112,0
David Datro Fofana,2023,Ivory Coast,2002,20,15,10,879,4,1,4,0,0,1,0,1,Burnley,2023-24,9.766666666666667,0.40955631399317405,0.10238907849829351,0.40955631399317405,0.0,5,0.6666666666666666,0
Deivid Washington,2023,Brazil,2005,18,2,0,13,0,0,0,0,0,0,0,1,Chelsea,2023-24,0.14444444444444443,0.0,0.0,0.0,0.0,0,0.0,0
Dejan Kulusevski,2023,Sweden,2000,23,36,31,2762,8,3,8,0,0,7,0,1,Tottenham,2023-24,30.68888888888889,0.26068066618392466,0.09775524981897175,0.26068066618392466,0.0,11,0.8611111111111112,0
Diogo Jota,2023,Portugal,1996,26,21,14,1145,10,3,10,0,0,3,1,1,Liverpool,2023-24,12.722222222222221,0.7860262008733625,0.23580786026200876,0.7860262008733625,0.0,13,0.6666666666666666,0
Divin Mubama,2023,England,2004,18,5,0,80,0,0,0,0,0,0,0,1,West Ham,2023-24,0.8888888888888888,0.0,0.0,0.0,0.0,0,0.0,0
Divock Origi,2023,Belgium,1995,28,20,6,606,0,1,0,0,0,1,0,1,Nottingham,2023-24,6.733333333333333,0.0,0.1485148514851485,0.0,0.0,1,0.3,0
Dominic Calvert-Lewin,2023,England,1997,26,32,26,2171,7,2,5,2,2,2,0,1,Everton,2023-24,24.122222222222224,0.29018885306310455,0.08291110087517273,0.20727775218793182,0.08291110087517273,9,0.8125,1
Dominic Solanke,2023,England,1997,25,38,37,3325,19,3,17,2,3,3,0,1,Bournemouth,2023-24,36.94444444444444,0.5142857142857143,0.081203007518797,0.46015037593984964,0.081203007518797,22,0.9736842105263158,1
Eberechi Eze,2023,England,1998,25,27,24,2055,11,4,10,1,1,3,0,1,Crystal Palace,2023-24,22.833333333333332,0.48175182481751827,0.17518248175182483,0.43795620437956206,0.043795620437956206,15,0.8888888888888888,0
Eddie Nketiah,2023,England,1999,24,27,10,1082,5,2,5,0,0,3,0,1,Arsenal,2023-24,12.022222222222222,0.41589648798521256,0.16635859519408502,0.41589648798521256,0.0,7,0.37037037037037035,0
Elijah Adebayo,2023,England,1998,25,27,16,1419,10,0,10,0,0,1,0,1,Luton Town,2023-24,15.766666666666667,0.6342494714587738,0.0,0.6342494714587738,0.0,10,0.5925925925925926,0
Elliot Anderson,2023,England,2002,20,21,10,1027,0,2,0,0,0,3,0,1,Newcastle,2023-24,11.411111111111111,0.0,0.17526777020447906,0.0,0.0,2,0.47619047619047616,0
Enes Ünal,2023,Turkey,1997,26,16,2,328,2,2,2,0,0,1,0,1,Bournemouth,2023-24,3.6444444444444444,0.5487804878048781,0.5487804878048781,0.5487804878048781,0.0,4,0.125,0
Enso Gonzalez,2023,Paraguay,2005,18,1,0,1,0,0,0,0,0,0,0,1,Wolves,2023-24,0.011111111111111112,0.0,0.0,0.0,0.0,0,0.0,0
Erling Haaland,2023,Norway,2000,23,31,29,2552,27,5,20,7,8,1,0,1,Manchester City,2023-24,28.355555555555554,0.9521943573667712,0.17633228840125392,0.7053291536050157,0.2821316614420063,32,0.9354838709677419,1
Ethan Wheatley,2023,England,2006,17,3,0,16,0,0,0,0,0,0,0,1,Manchester Utd,2023-24,0.17777777777777778,0.0,0.0,0.0,0.0,0,0.0,0
Evan Ferguson,2023,Ireland,2004,18,27,15,1367,6,0,6,0,0,1,0,1,Brighton,2023-24,15.188888888888888,0.3950256035113387,0.0,0.3950256035113387,0.0,6,0.5555555555555556,0
Facundo Buonanotte,2023,Argentina,2004,18,27,17,1364,3,1,3,0,0,7,0,1,Brighton,2023-24,15.155555555555555,0.19794721407624635,0.06598240469208211,0.19794721407624635,0.0,4,0.6296296296296297,0
Fábio Silva,2023,Portugal,2002,21,8,3,264,0,0,0,0,0,2,0,1,Wolves,2023-24,2.933333333333333,0.0,0.0,0.0,0.0,0,0.375,0
Gabriel Jesus,2023,Brazil,1997,26,27,17,1478,4,5,4,0,0,6,0,1,Arsenal,2023-24,16.42222222222222,0.2435723951285521,0.30446549391069017,0.2435723951285521,0.0,9,0.6296296296296297,0
Gabriel Martinelli,2023,Brazil,2001,22,35,24,2019,6,4,6,0,0,1,0,1,Arsenal,2023-24,22.433333333333334,0.2674591381872214,0.17830609212481427,0.2674591381872214,0.0,10,0.6857142857142857,0
Harry Wilson,2023,Wales,1997,26,35,16,1620,4,6,4,0,0,6,0,1,Fulham,2023-24,18.0,0.2222222222222222,0.3333333333333333,0.2222222222222222,0.0,10,0.45714285714285713,0
Harvey Barnes,2023,England,1997,25,21,7,802,5,3,5,0,0,2,0,1,Newcastle,2023-24,8.911111111111111,0.5610972568578554,0.33665835411471323,0.5610972568578554,0.0,8,0.3333333333333333,0
Harvey Elliott,2023,England,2003,20,34,11,1352,3,6,3,0,0,2,0,1,Liverpool,2023-24,15.022222222222222,0.1997041420118343,0.3994082840236686,0.1997041420118343,0.0,9,0.3235294117647059,0
Hwang Hee-chan,2023,South Korea,1996,27,29,25,2119,12,3,11,1,1,6,0,1,Wolves,2023-24,23.544444444444444,0.5096743747050495,0.12741859367626238,0.4672015101462954,0.04247286455875413,15,0.8620689655172413,0
Ivan Perišić,2023,Croatia,1989,34,5,0,103,0,1,0,0,0,2,0,1,Tottenham,2023-24,1.1444444444444444,0.0,0.8737864077669903,0.0,0.0,1,0.0,0
Ivan Toney,2023,England,1996,27,17,16,1450,4,2,4,0,0,5,0,1,Brentford,2023-24,16.11111111111111,0.2482758620689655,0.12413793103448276,0.2482758620689655,0.0,6,0.9411764705882353,0
Jack Grealish,2023,England,1995,27,20,10,1009,3,1,3,0,0,6,0,1,Manchester City,2023-24,11.21111111111111,0.267591674925669,0.089197224975223,0.267591674925669,0.0,4,0.5,0
Jacob Brown,2023,Scotland,1998,25,19,12,1019,2,0,2,0,0,4,0,1,Luton Town,2023-24,11.322222222222223,0.17664376840039253,0.0,0.17664376840039253,0.0,2,0.631578947368421,0
Jacob Murphy,2023,England,1995,28,21,14,1189,3,7,3,0,0,1,0,1,Newcastle,2023-24,13.21111111111111,0.2270815811606392,0.5298570227081582,0.2270815811606392,0.0,10,0.6666666666666666,0
Jaden Philogene Bidace,2023,England,2002,21,1,0,4,0,0,0,0,0,0,0,1,Aston Villa,2023-24,0.044444444444444446,0.0,0.0,0.0,0.0,0,0.0,0
Jadon Sancho,2023,England,2000,23,3,0,79,0,0,0,0,0,0,0,1,Manchester Utd,2023-24,0.8777777777777778,0.0,0.0,0.0,0.0,0,0.0,0
James Mcatee,2023,England,2002,20,30,20,1822,3,3,2,1,1,2,0,1,Sheffield United,2023-24,20.244444444444444,0.1481888035126235,0.1481888035126235,0.09879253567508234,0.04939626783754117,6,0.6666666666666666,0
Jarrod Bowen,2023,England,1996,26,34,34,3019,16,6,16,0,0,2,0,1,West Ham,2023-24,33.544444444444444,0.4769791321629679,0.17886717456111295,0.4769791321629679,0.0,22,1.0,0
Jay Rodriguez,2023,England,1989,34,21,7,822,2,1,1,1,1,0,0,1,Burnley,2023-24,9.133333333333333,0.21897810218978103,0.10948905109489052,0.10948905109489052,0.10948905109489052,3,0.3333333333333333,0
Jayden Danns,2023,England,2006,17,2,0,9,0,0,0,0,0,1,0,1,Liverpool,2023-24,0.1,0.0,0.0,0.0,0.0,0,0.0,0
Jean-Philippe Mateta,2023,France,1997,26,35,25,2282,16,5,14,2,2,3,0,1,Crystal Palace,2023-24,25.355555555555554,0.63102541630149,0.19719544259421562,0.5521472392638037,0.07887817703768625,21,0.7142857142857143,1
Jean-Ricner Bellegarde,2023,Haiti,1998,25,22,10,958,2,1,2,0,0,0,1,1,Wolves,2023-24,10.644444444444444,0.18789144050104384,0.09394572025052192,0.18789144050104384,0.0,3,0.45454545454545453,0
Jeffrey Schlupp,2023,Ghana,1992,30,29,17,1352,2,2,2,0,0,1,0,1,Crystal Palace,2023-24,15.022222222222222,0.13313609467455623,0.13313609467455623,0.13313609467455623,0.0,4,0.5862068965517241,0
Jeremy Doku,2023,Belgium,2002,21,29,18,1595,3,8,3,0,0,3,0,1,Manchester City,2023-24,17.72222222222222,0.16927899686520376,0.45141065830721006,0.16927899686520376,0.0,11,0.6206896551724138,0
Jesurun Rak Sakyi,2023,Ghana,2002,20,6,0,136,0,0,0,0,0,0,0,1,Crystal Palace,2023-24,1.511111111111111,0.0,0.0,0.0,0.0,0,0.0,0
Jimi Tauriainen,2023,England,2004,19,1,0,1,0,0,0,0,0,0,0,1,Chelsea,2023-24,0.011111111111111112,0.0,0.0,0.0,0.0,0,0.0,0
Joelinton,2023,Brazil,1996,26,20,15,1279,2,1,2,0,0,6,0,1,Newcastle,2023-24,14.21111111111111,0.14073494917904614,0.07036747458952307,0.14073494917904614,0.0,3,0.75,0
Jordan Ayew,2023,Ghana,1991,31,35,30,2543,4,7,4,0,0,9,1,1,Crystal Palace,2023-24,28.255555555555556,0.1415650806134487,0.2477388910735352,0.1415650806134487,0.0,11,0.8571428571428571,0
João Pedro,2023,Brazil,2001,21,31,19,2045,9,3,5,4,5,2,0,1,Brighton,2023-24,22.72222222222222,0.3960880195599022,0.13202933985330073,0.22004889975550124,0.22004889975550124,12,0.6129032258064516,1
Julián Álvarez,2023,Argentina,2000,23,36,31,2647,11,8,9,2,2,2,0,1,Manchester City,2023-24,29.41111111111111,0.3740083112958066,0.2720060445787684,0.3060068001511145,0.0680015111446921,19,0.8611111111111112,1
Jáder Durán,2023,Colombia,2003,19,23,3,475,5,0,5,0,0,5,0,1,Aston Villa,2023-24,5.277777777777778,0.9473684210526316,0.0,0.9473684210526316,0.0,5,0.13043478260869565,0
Kai Havertz,2023,Germany,1999,24,37,30,2634,13,7,12,1,1,11,0,1,Arsenal,2023-24,29.266666666666666,0.44419134396355353,0.23917995444191345,0.4100227790432802,0.03416856492027335,20,0.8108108108108109,0
Kaide Gordon,2023,England,2004,18,1,0,1,0,0,0,0,0,0,0,1,Liverpool,2023-24,0.011111111111111112,0.0,0.0,0.0,0.0,0,0.0,0
Kaoru Mitoma,2023,Japan,1997,26,19,15,1486,3,4,3,0,0,4,0,1,Brighton,2023-24,16.511111111111113,0.1816958277254374,0.24226110363391654,0.1816958277254374,0.0,7,0.7894736842105263,0
Keane Lewis-Potter,2023,England,2001,22,30,15,1441,3,1,3,0,0,0,0,1,Brentford,2023-24,16.011111111111113,0.18736988202637056,0.06245662734212352,0.18736988202637056,0.0,4,0.5,0
Kevin Schade,2023,Germany,2001,21,11,3,333,2,1,2,0,0,0,0,1,Brentford,2023-24,3.7,0.5405405405405405,0.27027027027027023,0.5405405405405405,0.0,3,0.2727272727272727,0
Kieffer Moore,2023,Wales,1992,30,8,0,108,1,0,1,0,0,0,0,1,Bournemouth,2023-24,1.2,0.8333333333333334,0.0,0.8333333333333334,0.0,1,0.0,0
Leandro Trossard,2023,Belgium,1994,28,34,18,1649,12,1,12,0,0,2,0,1,Arsenal,2023-24,18.322222222222223,0.6549423893268648,0.0545785324439054,0.6549423893268648,0.0,13,0.5294117647058824,0
Leon Chiwome,2023,England,2006,17,3,2,174,0,0,0,0,0,0,0,1,Wolves,2023-24,1.9333333333333333,0.0,0.0,0.0,0.0,0,0.6666666666666666,0
Luca Koleosho,2023,Italy,2004,18,15,13,974,1,1,1,0,0,0,0,1,Burnley,2023-24,10.822222222222223,0.09240246406570841,0.09240246406570841,0.09240246406570841,0.0,2,0.8666666666666667,0
Luis Díaz,2023,Colombia,1997,26,37,32,2629,8,5,8,0,0,3,0,1,Liverpool,2023-24,29.211111111111112,0.2738683910232027,0.17116774438950172,0.2738683910232027,0.0,13,0.8648648648648649,0
Lyle Foster,2023,South Africa,2000,22,24,22,1899,5,3,5,0,0,0,1,1,Burnley,2023-24,21.1,0.23696682464454974,0.14218009478672985,0.23696682464454974,0.0,8,0.9166666666666666,0
Marcus Rashford,2023,England,1997,25,33,26,2271,7,2,5,2,2,2,0,1,Manchester Utd,2023-24,25.233333333333334,0.2774108322324967,0.07926023778071334,0.19815059445178335,0.07926023778071334,9,0.7878787878787878,1
Mark O'Mahony,2023,Ireland,2005,18,3,1,63,0,0,0,0,0,1,0,1,Brighton,2023-24,0.7,0.0,0.0,0.0,0.0,0,0.3333333333333333,0
Mason Burstow,2023,England,2003,19,2,0,9,0,0,0,0,0,0,0,1,Chelsea,2023-24,0.1,0.0,0.0,0.0,0.0,0,0.0,0
Matheus Cunha,2023,Brazil,1999,24,32,29,2440,12,7,11,1,1,9,0,1,Wolves,2023-24,27.11111111111111,0.4426229508196721,0.2581967213114754,0.4057377049180328,0.036885245901639344,19,0.90625,0
Matheus Nunes,2023,Portugal,1998,24,17,7,661,0,2,0,0,0,0,0,1,Manchester City,2023-24,7.344444444444444,0.0,0.2723146747352496,0.0,0.0,2,0.4117647058823529,0
Michael Obafemi,2023,Ireland,2000,23,2,0,20,0,0,0,0,0,0,0,1,Burnley,2023-24,0.2222222222222222,0.0,0.0,0.0,0.0,0,0.0,0
Michael Olise,2023,France,2001,21,19,14,1275,10,6,9,1,1,0,0,1,Crystal Palace,2023-24,14.166666666666666,0.7058823529411765,0.4235294117647059,0.6352941176470589,0.07058823529411765,16,0.7368421052631579,0
Michail Antonio,2023,Jamaica,1990,33,26,21,1695,6,2,6,0,0,6,0,1,West Ham,2023-24,18.833333333333332,0.3185840707964602,0.10619469026548674,0.3185840707964602,0.0,8,0.8076923076923077,0
Miguel Almirón,2023,Paraguay,1994,29,33,23,1937,3,1,3,0,0,2,0,1,Newcastle,2023-24,21.522222222222222,0.13939081053175012,0.04646360351058337,0.13939081053175012,0.0,4,0.696969696969697,0
Mike Trésor,2023,Belgium,1999,24,16,3,420,0,0,0,0,0,0,0,1,Burnley,2023-24,4.666666666666667,0.0,0.0,0.0,0.0,0,0.1875,0
Mohamed Salah,2023,Egypt,1992,31,32,28,2534,18,10,13,5,7,2,0,1,Liverpool,2023-24,28.155555555555555,0.6393054459352802,0.35516969218626676,0.4617205998421468,0.24861878453038674,28,0.875,1
Morgan Gibbs-White,2023,England,2000,23,37,35,3156,5,10,4,1,1,9,0,1,Nottingham,2023-24,35.06666666666667,0.14258555133079848,0.28517110266159695,0.11406844106463877,0.028517110266159693,15,0.9459459459459459,0
Moussa Diaby,2023,France,1999,24,38,25,2174,6,8,6,0,0,1,0,1,Aston Villa,2023-24,24.155555555555555,0.24839006439742412,0.3311867525298988,0.24839006439742412,0.0,14,0.6578947368421053,0
Nathan Fraser,2023,Ireland,2005,18,7,1,186,0,0,0,0,0,1,0,1,Wolves,2023-24,2.066666666666667,0.0,0.0,0.0,0.0,0,0.14285714285714285,0
Nathan Redmond,2023,England,1994,29,12,0,142,0,0,0,0,0,1,0,1,Burnley,2023-24,1.5777777777777777,0.0,0.0,0.0,0.0,0,0.0,0
Neal Maupay,2023,France,1996,26,31,14,1432,6,3,6,0,0,8,0,2,Brentford,2023-24,15.911111111111111,0.3770949720670391,0.18854748603351956,0.3770949720670391,0.0,9,0.45161290322580644,0
Nicolas Jackson,2023,Senegal,2001,22,35,31,2799,14,5,14,0,0,10,0,1,Chelsea,2023-24,31.1,0.45016077170418006,0.1607717041800643,0.45016077170418006,0.0,19,0.8857142857142857,0
Nicolò Zaniolo,2023,Italy,1999,24,25,9,839,2,0,2,0,0,7,0,1,Aston Villa,2023-24,9.322222222222223,0.2145411203814064,0.0,0.2145411203814064,0.0,2,0.36,0
Odsonne Édouard,2023,France,1998,25,30,17,1555,7,0,7,0,0,4,0,1,Crystal Palace,2023-24,17.27777777777778,0.40514469453376206,0.0,0.40514469453376206,0.0,7,0.5666666666666667,0
Oliver McBurnie,2023,Scotland,1996,27,21,15,1280,6,3,4,2,2,7,2,1,Sheffield United,2023-24,14.222222222222221,0.421875,0.2109375,0.28125,0.140625,9,0.7142857142857143,1
Ollie Watkins,2023,England,1995,27,37,37,3217,19,13,19,0,0,4,0,1,Aston Villa,2023-24,35.74444444444445,0.531551134597451,0.363692881566677,0.531551134597451,0.0,32,1.0,0
Omari Kellyman,2023,England,2005,17,2,0,37,0,0,0,0,0,0,0,1,Aston Villa,2023-24,0.4111111111111111,0.0,0.0,0.0,0.0,0,0.0,0
Pablo Sarabia,2023,Spain,1992,31,30,20,1745,4,7,2,2,2,5,0,1,Wolves,2023-24,19.38888888888889,0.20630372492836677,0.36103151862464183,0.10315186246418338,0.10315186246418338,11,0.6666666666666666,1
Pedro Neto,2023,Portugal,2000,23,20,18,1516,2,9,2,0,0,4,0,1,Wolves,2023-24,16.844444444444445,0.11873350923482849,0.5343007915567282,0.11873350923482849,0.0,11,0.9,0
Philippe Coutinho,2023,Brazil,1992,31,2,0,25,0,0,0,0,0,0,0,1,Aston Villa,2023-24,0.2777777777777778,0.0,0.0,0.0,0.0,0,0.0,0
Rasmus Højlund,2023,Denmark,2003,20,30,25,2158,10,2,10,0,0,2,0,1,Manchester Utd,2023-24,23.977777777777778,0.4170528266913809,0.08341056533827618,0.4170528266913809,0.0,12,0.8333333333333334,0
Raúl Jiménez,2023,Mexico,1991,32,24,18,1395,7,0,7,0,0,3,1,1,Fulham,2023-24,15.5,0.45161290322580644,0.0,0.45161290322580644,0.0,7,0.75,0
Reiss Nelson,2023,England,1999,23,15,1,268,0,0,0,0,0,1,0,1,Arsenal,2023-24,2.977777777777778,0.0,0.0,0.0,0.0,0,0.06666666666666667,0
Rhian Brewster,2023,England,2000,23,13,3,346,0,0,0,0,0,0,1,1,Sheffield United,2023-24,3.8444444444444446,0.0,0.0,0.0,0.0,0,0.23076923076923078,0
Richarlison,2023,Brazil,1997,26,28,18,1491,11,4,11,0,0,3,0,1,Tottenham,2023-24,16.566666666666666,0.6639839034205232,0.2414486921529175,0.6639839034205232,0.0,15,0.6428571428571429,0
Rodrigo Muniz,2023,Brazil,2001,22,26,18,1593,9,1,9,0,0,1,0,1,Fulham,2023-24,17.7,0.5084745762711864,0.05649717514124294,0.5084745762711864,0.0,10,0.6923076923076923,0
Rodrigo Ribeiro,2023,Portugal,2005,18,4,0,17,0,0,0,0,0,0,0,1,Nottingham,2023-24,0.18888888888888888,0.0,0.0,0.0,0.0,0,0.0,0
Saša Kalajdžić,2023,Austria,1997,26,11,1,166,2,0,2,0,0,0,0,1,Wolves,2023-24,1.8444444444444446,1.0843373493975903,0.0,1.0843373493975903,0.0,2,0.09090909090909091,0
Scott McTominay,2023,Scotland,1996,26,32,18,1901,7,1,7,0,0,2,0,1,Manchester Utd,2023-24,21.122222222222224,0.33140452393477116,0.04734350341925302,0.33140452393477116,0.0,8,0.5625,0
Son Heung-min,2023,South Korea,1992,31,35,34,2934,17,10,15,2,2,1,0,1,Tottenham,2023-24,32.6,0.5214723926380368,0.3067484662576687,0.460122699386503,0.06134969325153374,27,0.9714285714285714,1
Tahith Chong,2023,Curacao,1999,23,33,20,1982,4,0,4,0,0,4,0,1,Luton Town,2023-24,22.022222222222222,0.18163471241170534,0.0,0.18163471241170534,0.0,4,0.6060606060606061,0
Taiwo Awoniyi,2023,Nigeria,1997,25,20,12,1042,6,3,6,0,0,2,0,1,Nottingham,2023-24,11.577777777777778,0.5182341650671786,0.2591170825335893,0.5182341650671786,0.0,9,0.6,0
Tawanda Chirewa,2023,Zimbabwe,2003,19,8,1,145,0,0,0,0,0,1,0,1,Wolves,2023-24,1.6111111111111112,0.0,0.0,0.0,0.0,0,0.125,0
Timo Werner,2023,Germany,1996,27,13,10,809,2,3,2,0,0,1,0,1,Tottenham,2023-24,8.988888888888889,0.22249690976514214,0.3337453646477132,0.22249690976514214,0.0,5,0.7692307692307693,0
Tom Cannon,2023,Ireland,2002,20,1,0,1,0,0,0,0,0,0,0,1,Everton,2023-24,0.011111111111111112,0.0,0.0,0.0,0.0,0,0.0,0
William Osula,2023,Denmark,2003,19,21,9,786,0,0,0,0,0,4,0,1,Sheffield United,2023-24,8.733333333333333,0.0,0.0,0.0,0.0,0,0.42857142857142855,0
Willian,2023,Brazil,1988,34,31,24,2053,4,2,2,2,2,1,0,1,Fulham,2023-24,22.81111111111111,0.17535314174378958,0.08767657087189479,0.08767657087189479,0.08767657087189479,6,0.7741935483870968,1
Wilson Odobert,2023,France,2004,18,29,25,2098,3,2,3,0,0,3,0,1,Burnley,2023-24,23.31111111111111,0.12869399428026693,0.08579599618684462,0.12869399428026693,0.0,5,0.8620689655172413,0
Yoane Wissa,2023,DR Congo,1996,26,34,29,2493,12,3,12,0,0,7,0,1,Brentford,2023-24,27.7,0.4332129963898917,0.10830324909747292,0.4332129963898917,0.0,15,0.8529411764705882,0
Youri Tielemans,2023,Belgium,1997,26,32,17,1622,2,6,2,0,0,3,0,1,Aston Villa,2023-24,18.022222222222222,0.11097410604192355,0.33292231812577067,0.11097410604192355,0.0,8,0.53125,0
Youssef Chermiti,2023,Portugal,2004,19,18,1,208,0,0,0,0,0,3,0,1,Everton,2023-24,2.311111111111111,0.0,0.0,0.0,0.0,0,0.05555555555555555,0
Zeki Amdouni,2023,Switzerland,2000,22,34,27,1953,5,1,4,1,1,2,0,1,Burnley,2023-24,21.7,0.2304147465437788,0.04608294930875576,0.18433179723502305,0.04608294930875576,6,0.7941176470588235,0
Abdul Fatawu Issahaku,2024,Ghana,2004,20,11,6,579,0,2,0,0,0,0,0,1,Leicester City,2024-25,6.433333333333334,0.0,0.31088082901554404,0.0,0.0,2,0.5454545454545454,0
Adam Armstrong,2024,England,1997,27,20,15,1248,2,2,2,0,1,4,0,1,Southampton,2024-25,13.866666666666667,0.14423076923076922,0.14423076923076922,0.14423076923076922,0.07211538461538461,4,0.75,0
Albert Grønbaek,2024,Denmark,2001,23,4,2,143,0,0,0,0,0,0,0,1,Southampton,2024-25,1.5888888888888888,0.0,0.0,0.0,0.0,0,0.5,0
Alexander Isak,2024,Sweden,1999,24,34,34,2756,23,6,19,4,4,1,0,1,Newcastle,2024-25,30.622222222222224,0.751088534107402,0.19593613933236573,0.6204644412191582,0.13062409288824384,29,1.0,1
Ali Al Hamadi,2024,Iraq,2002,22,11,0,134,0,0,0,0,0,3,0,1,Ipswich Town,2024-25,1.488888888888889,0.0,0.0,0.0,0.0,0,0.0,0
Amad Diallo,2024,Ivory Coast,2002,22,26,20,1901,8,6,8,0,0,5,0,1,Manchester Utd,2024-25,21.122222222222224,0.3787480273540242,0.2840610205155181,0.3787480273540242,0.0,14,0.7692307692307693,0
Anthony Elanga,2024,Sweden,2002,22,38,31,2501,6,11,6,0,0,1,0,1,Nottingham,2024-25,27.788888888888888,0.21591363454618154,0.39584166333466614,0.21591363454618154,0.0,17,0.8157894736842105,0
Anthony Gordon,2024,England,2001,23,34,28,2434,6,5,5,1,2,2,0,1,Newcastle,2024-25,27.044444444444444,0.2218570254724733,0.1848808545603944,0.1848808545603944,0.07395234182415776,11,0.8235294117647058,1
Antony,2024,Brazil,2000,24,8,0,141,0,0,0,0,0,0,0,1,Manchester Utd,2024-25,1.5666666666666667,0.0,0.0,0.0,0.0,0,0.0,0
Armando Broja,2024,Albania,2001,22,10,4,334,0,0,0,0,0,1,0,1,Everton,2024-25,3.7111111111111112,0.0,0.0,0.0,0.0,0,0.4,0
Ben Brereton,2024,Chile,1999,25,10,4,449,0,0,0,0,0,1,0,1,Southampton,2024-25,4.988888888888889,0.0,0.0,0.0,0.0,0,0.4,0
Beto,2024,Guinea-Bissau,1998,26,30,15,1534,8,0,8,0,0,2,0,1,Everton,2024-25,17.044444444444444,0.46936114732724904,0.0,0.46936114732724904,0.0,8,0.5,0
Bobby De Cordova-Reid,2024,Jamaica,1993,31,23,9,744,1,2,1,0,0,2,0,1,Leicester City,2024-25,8.266666666666667,0.12096774193548386,0.24193548387096772,0.12096774193548386,0.0,3,0.391304347826087,0
Brajan Gruda,2024,Germany,2004,20,21,8,687,1,4,1,0,0,0,0,1,Brighton,2024-25,7.633333333333334,0.13100436681222707,0.5240174672489083,0.13100436681222707,0.0,5,0.38095238095238093,0
Brennan Johnson,2024,Wales,2001,23,33,24,2177,11,3,11,0,0,5,0,1,Tottenham,2024-25,24.18888888888889,0.4547542489664676,0.12402388608176389,0.4547542489664676,0.0,14,0.7272727272727273,0
Bryan Mbeumo,2024,Cameroon,1999,24,38,38,3414,20,7,15,5,6,3,0,1,Brentford,2024-25,37.93333333333333,0.5272407732864676,0.18453427065026365,0.39543057996485065,0.15817223198594027,27,1.0,1
Bukayo Saka,2024,England,2001,22,25,20,1729,6,10,5,1,1,3,0,1,Arsenal,2024-25,19.211111111111112,0.3123192596876807,0.5205320994794679,0.26026604973973394,0.05205320994794679,16,0.8,0
Callum Wilson,2024,England,1992,32,18,2,370,0,0,0,0,0,1,0,1,Newcastle,2024-25,4.111111111111111,0.0,0.0,0.0,0.0,0,0.1111111111111111,0
Cameron Archer,2024,England,2001,23,35,13,1441,2,0,2,0,1,0,0,1,Southampton,2024-25,16.011111111111113,0.12491325468424704,0.0,0.12491325468424704,0.06245662734212352,2,0.37142857142857144,0
Carlos Vinícius,2024,Brazil,1995,29,3,0,16,0,0,0,0,0,0,0,1,Fulham,2024-25,0.17777777777777778,0.0,0.0,0.0,0.0,0,0.0,0
Chidozie Obi-Martin,2024,Denmark,2007,16,7,1,165,0,0,0,0,0,1,0,1,Manchester Utd,2024-25,1.8333333333333333,0.0,0.0,0.0,0.0,0,0.14285714285714285,0
Chiquinho,2024,Portugal,2000,24,1,0,7,0,0,0,0,0,0,0,1,Wolves,2024-25,0.07777777777777778,0.0,0.0,0.0,0.0,0,0.0,0
Chris Wood,2024,New Zealand,1991,32,36,35,2959,20,3,17,3,3,1,0,1,Nottingham,2024-25,32.87777777777778,0.6083136194660358,0.09124704291990536,0.5170665765461304,0.09124704291990536,23,0.9722222222222222,1
Christopher Nkunku,2024,France,1997,26,27,9,921,3,2,3,0,0,2,0,1,Chelsea,2024-25,10.233333333333333,0.2931596091205212,0.19543973941368079,0.2931596091205212,0.0,5,0.3333333333333333,0
Conor Chaplin,2024,England,1997,27,22,10,857,1,1,1,0,0,2,0,1,Ipswich Town,2024-25,9.522222222222222,0.10501750291715287,0.10501750291715287,0.10501750291715287,0.0,2,0.45454545454545453,0
Crysencio Summerville,2024,Netherlands,2001,22,19,7,786,1,1,1,0,0,2,0,1,West Ham,2024-25,8.733333333333333,0.11450381679389314,0.11450381679389314,0.11450381679389314,0.0,2,0.3684210526315789,0
Dane Scarlett,2024,England,2004,20,3,0,34,0,1,0,0,0,0,0,1,Tottenham,2024-25,0.37777777777777777,0.0,2.6470588235294117,0.0,0.0,1,0.0,0
Dango Ouattara,2024,Burkina Faso,2002,22,32,21,2005,7,4,7,0,0,3,0,1,Bournemouth,2024-25,22.27777777777778,0.31421446384039897,0.17955112219451372,0.31421446384039897,0.0,11,0.65625,0
Daniel Jebbison,2024,Canada,2003,20,16,0,119,1,0,1,0,0,1,0,1,Bournemouth,2024-25,1.3222222222222222,0.7563025210084033,0.0,0.7563025210084033,0.0,1,0.0,0
Daniel Podence,2024,Portugal,1995,28,2,0,48,0,0,0,0,0,0,0,1,Wolves,2024-25,0.5333333333333333,0.0,0.0,0.0,0.0,0,0.0,0
Danny Ings,2024,England,1992,32,15,1,284,1,2,1,0,0,0,0,1,West Ham,2024-25,3.1555555555555554,0.31690140845070425,0.6338028169014085,0.31690140845070425,0.0,3,0.06666666666666667,0
Danny Welbeck,2024,England,1990,33,30,24,2115,10,4,9,1,1,5,0,1,Brighton,2024-25,23.5,0.425531914893617,0.1702127659574468,0.3829787234042553,0.0425531914893617,14,0.8,0
Darwin Núñez,2024,Uruguay,1999,25,30,8,1133,5,2,5,0,0,8,0,1,Liverpool,2024-25,12.588888888888889,0.3971756398940865,0.1588702559576346,0.3971756398940865,0.0,7,0.26666666666666666,0
Dejan Kulusevski,2024,Sweden,2000,24,32,27,2389,7,4,7,0,0,3,0,1,Tottenham,2024-25,26.544444444444444,0.26370866471326915,0.15069066555043953,0.26370866471326915,0.0,11,0.84375,0
Diogo Jota,2024,Portugal,1996,27,26,14,1196,6,3,6,0,0,2,0,1,Liverpool,2024-25,13.28888888888889,0.451505016722408,0.225752508361204,0.451505016722408,0.0,9,0.5384615384615384,0
Divin Mubama,2024,England,2004,19,1,0,28,0,0,0,0,0,0,0,1,Manchester City,2024-25,0.3111111111111111,0.0,0.0,0.0,0.0,0,0.0,0
Dominic Calvert-Lewin,2024,England,1997,27,26,19,1609,3,1,3,0,0,2,0,1,Everton,2024-25,17.877777777777776,0.16780609073958982,0.05593536357986327,0.16780609073958982,0.0,4,0.7307692307692307,0
Dominic Solanke,2024,England,1997,26,27,25,2201,9,3,8,1,1,0,0,1,Tottenham,2024-25,24.455555555555556,0.3680145388459791,0.1226715129486597,0.3271240345297592,0.0408905043162199,12,0.9259259259259259,0
Eddie Nketiah,2024,England,1999,25,29,9,1034,3,1,3,0,0,6,1,1,Crystal Palace,2024-25,11.488888888888889,0.2611218568665377,0.08704061895551257,0.2611218568665377,0.0,4,0.3103448275862069,0
Emi Buendía,2024,Argentina,1996,27,12,0,98,0,0,0,0,0,1,0,1,Aston Villa,2024-25,1.0888888888888888,0.0,0.0,0.0,0.0,0,0.0,0
Enes Ünal,2024,Turkey,1997,27,17,2,345,2,1,2,0,0,2,0,1,Bournemouth,2024-25,3.8333333333333335,0.5217391304347826,0.2608695652173913,0.5217391304347826,0.0,3,0.11764705882352941,0
Erling Haaland,2024,Norway,2000,24,31,31,2736,22,3,19,3,4,2,0,1,Manchester City,2024-25,30.4,0.7236842105263158,0.09868421052631579,0.625,0.13157894736842105,25,1.0,1
Ethan Nwaneri,2024,England,2007,17,26,11,895,4,2,4,0,0,1,0,1,Arsenal,2024-25,9.944444444444445,0.40223463687150834,0.20111731843575417,0.40223463687150834,0.0,6,0.4230769230769231,0
Evan Ferguson,2024,Ireland,2004,19,21,3,402,1,0,1,0,0,0,0,2,Brighton,2024-25,4.466666666666667,0.22388059701492538,0.0,0.22388059701492538,0.0,1,0.14285714285714285,0
Evanilson,2024,Brazil,1999,24,31,28,2319,10,1,10,0,1,1,1,1,Bournemouth,2024-25,25.766666666666666,0.38809831824062097,0.0388098318240621,0.38809831824062097,0.0388098318240621,11,0.9032258064516129,0
Fabio Carvalho,2024,Portugal,2002,21,19,3,455,2,1,2,0,0,1,0,1,Brentford,2024-25,5.055555555555555,0.39560439560439564,0.19780219780219782,0.39560439560439564,0.0,3,0.15789473684210525,0
Facundo Buonanotte,2024,Argentina,2004,19,31,14,1523,5,2,5,0,0,8,0,1,Leicester City,2024-25,16.92222222222222,0.29546946815495734,0.11818778726198294,0.29546946815495734,0.0,7,0.45161290322580644,0
Federico Chiesa,2024,Italy,1997,26,6,1,108,0,0,0,0,0,0,0,1,Liverpool,2024-25,1.2,0.0,0.0,0.0,0.0,0,0.16666666666666666,0
Gabriel Jesus,2024,Brazil,1997,27,17,6,608,3,0,3,0,0,4,0,1,Arsenal,2024-25,6.7555555555555555,0.4440789473684211,0.0,0.4440789473684211,0.0,3,0.35294117647058826,0
Gabriel Martinelli,2024,Brazil,2001,23,33,25,2290,8,4,8,0,0,1,0,1,Arsenal,2024-25,25.444444444444443,0.314410480349345,0.1572052401746725,0.314410480349345,0.0,12,0.7575757575757576,0
George Hirst,2024,Scotland,1999,25,26,5,661,3,1,3,0,0,3,0,1,Ipswich Town,2024-25,7.344444444444444,0.4084720121028744,0.1361573373676248,0.4084720121028744,0.0,4,0.19230769230769232,0
Georginio Rutter,2024,France,2002,22,28,19,1656,5,3,5,0,0,2,0,1,Brighton,2024-25,18.4,0.27173913043478265,0.16304347826086957,0.27173913043478265,0.0,8,0.6785714285714286,0
Gonçalo Guedes,2024,Portugal,1996,27,29,10,995,2,4,2,0,0,1,0,1,Wolves,2024-25,11.055555555555555,0.18090452261306533,0.36180904522613067,0.18090452261306533,0.0,6,0.3448275862068966,0
Harry Wilson,2024,Wales,1997,27,25,12,1162,6,1,6,0,0,2,0,1,Fulham,2024-25,12.911111111111111,0.46471600688468157,0.0774526678141136,0.46471600688468157,0.0,7,0.48,0
Harvey Barnes,2024,England,1997,26,33,17,1755,9,4,9,0,0,0,0,1,Newcastle,2024-25,19.5,0.46153846153846156,0.20512820512820512,0.46153846153846156,0.0,13,0.5151515151515151,0
Hwang Hee-chan,2024,South Korea,1996,28,21,5,661,2,0,2,0,0,0,0,1,Wolves,2024-25,7.344444444444444,0.2723146747352496,0.0,0.2723146747352496,0.0,2,0.23809523809523808,0
Igor Thiago,2024,Brazil,2001,23,8,1,175,0,0,0,0,0,0,0,1,Brentford,2024-25,1.9444444444444444,0.0,0.0,0.0,0.0,0,0.125,0
Iliman Ndiaye,2024,Senegal,2000,24,33,29,2430,9,0,7,2,2,3,0,1,Everton,2024-25,27.0,0.3333333333333333,0.0,0.25925925925925924,0.07407407407407407,9,0.8787878787878788,1
Jack Grealish,2024,England,1995,28,20,7,721,1,1,1,0,0,3,0,1,Manchester City,2024-25,8.011111111111111,0.12482662968099861,0.12482662968099861,0.12482662968099861,0.0,2,0.35,0
Jack Harrison,2024,England,1996,27,34,24,2076,1,0,1,0,0,0,0,1,Everton,2024-25,23.066666666666666,0.04335260115606936,0.0,0.04335260115606936,0.0,1,0.7058823529411765,0
Jacob Murphy,2024,England,1995,29,35,31,2360,8,12,8,0,0,4,0,1,Newcastle,2024-25,26.22222222222222,0.3050847457627119,0.4576271186440678,0.3050847457627119,0.0,20,0.8857142857142857,0
Jamie Vardy,2024,England,1987,37,35,35,2823,9,4,8,1,2,5,0,1,Leicester City,2024-25,31.366666666666667,0.2869287991498406,0.1275239107332625,0.255047821466525,0.06376195536663125,13,1.0,1
Jarrod Bowen,2024,England,1996,27,34,34,2973,13,8,12,1,1,1,0,1,West Ham,2024-25,33.03333333333333,0.3935418768920283,0.2421796165489405,0.36326942482341074,0.03027245206861756,21,1.0,0
Jay Stansfield,2024,England,2002,21,1,0,1,0,0,0,0,0,0,0,1,Fulham,2024-25,0.011111111111111112,0.0,0.0,0.0,0.0,0,0.0,0
Jayden Danns,2024,England,2006,18,1,0,11,0,0,0,0,0,0,0,1,Liverpool,2024-25,0.12222222222222222,0.0,0.0,0.0,0.0,0,0.0,0
Jean-Philippe Mateta,2024,France,1997,27,37,33,2648,14,2,12,2,2,2,0,1,Crystal Palace,2024-25,29.42222222222222,0.4758308157099698,0.06797583081570997,0.40785498489425986,0.06797583081570997,16,0.8918918918918919,1
Jeffrey Schlupp,2024,Ghana,1992,31,12,0,103,0,0,0,0,0,0,0,1,Crystal Palace,2024-25,1.1444444444444444,0.0,0.0,0.0,0.0,0,0.0,0
Jeremy Doku,2024,Belgium,2002,22,29,16,1516,3,6,3,0,0,1,0,1,Manchester City,2024-25,16.844444444444445,0.17810026385224273,0.35620052770448546,0.17810026385224273,0.0,9,0.5517241379310345,0
Jeremy Monga,2024,England,2009,15,7,0,112,0,0,0,0,0,0,0,1,Leicester City,2024-25,1.2444444444444445,0.0,0.0,0.0,0.0,0,0.0,0
Joelinton,2024,Brazil,1996,27,29,29,2393,4,3,4,0,0,10,0,1,Newcastle,2024-25,26.58888888888889,0.15043877977434184,0.11282908483075638,0.15043877977434184,0.0,7,1.0,0
Jordan Ayew,2024,Ghana,1991,32,1,0,21,0,0,0,0,0,1,0,1,Crystal Palace,2024-25,0.23333333333333334,0.0,0.0,0.0,0.0,0,0.0,0
Joshua Zirkzee,2024,Netherlands,2001,23,32,14,1402,3,1,3,0,0,2,0,1,Manchester Utd,2024-25,15.577777777777778,0.19258202567760344,0.06419400855920114,0.19258202567760344,0.0,4,0.4375,0
João Pedro,2024,Brazil,2001,22,27,23,1948,10,6,5,5,5,4,1,1,Brighton,2024-25,21.644444444444446,0.46201232032854206,0.27720739219712526,0.23100616016427103,0.23100616016427103,16,0.8518518518518519,1
Jáder Durán,2024,Colombia,2003,20,20,4,638,7,0,7,0,0,3,1,1,Aston Villa,2024-25,7.088888888888889,0.987460815047022,0.0,0.987460815047022,0.0,7,0.2,0
Jørgen Strand Larsen,2024,Norway,2000,24,35,30,2587,14,4,14,0,0,4,0,1,Wolves,2024-25,28.744444444444444,0.48705063780440666,0.13915732508697334,0.48705063780440666,0.0,18,0.8571428571428571,0
Kai Havertz,2024,Germany,1999,25,23,21,1875,9,3,9,0,0,5,0,1,Arsenal,2024-25,20.833333333333332,0.43200000000000005,0.14400000000000002,0.43200000000000005,0.0,12,0.9130434782608695,0
Kamaldeen Sulemana,2024,Ghana,2002,22,26,17,1402,1,1,1,0,0,2,0,1,Southampton,2024-25,15.577777777777778,0.06419400855920114,0.06419400855920114,0.06419400855920114,0.0,2,0.6538461538461539,0
Kevin De Bruyne,2024,Belgium,1991,33,28,19,1702,4,7,4,0,0,2,0,1,Manchester City,2024-25,18.91111111111111,0.21151586368977673,0.3701527614571093,0.21151586368977673,0.0,11,0.6785714285714286,0
Kevin Schade,2024,Germany,2001,22,38,26,2293,11,2,11,0,0,3,0,1,Brentford,2024-25,25.477777777777778,0.4317488006977758,0.07849978194505015,0.4317488006977758,0.0,13,0.6842105263157895,0
Leandro Trossard,2024,Belgium,1994,29,38,28,2546,8,7,8,0,0,4,1,1,Arsenal,2024-25,28.288888888888888,0.2827965435978005,0.2474469756480754,0.2827965435978005,0.0,15,0.7368421052631579,0
Liam Delap,2024,England,2003,21,37,32,2593,12,2,10,2,2,12,0,1,Ipswich Town,2024-25,28.81111111111111,0.4165059776320864,0.06941766293868107,0.34708831469340534,0.06941766293868107,14,0.8648648648648649,1
Lucas Paquetá,2024,Brazil,1997,26,33,27,2380,4,0,2,2,2,10,0,1,West Ham,2024-25,26.444444444444443,0.1512605042016807,0.0,0.07563025210084034,0.07563025210084034,4,0.8181818181818182,1
Luis Díaz,2024,Colombia,1997,27,36,28,2399,13,5,13,0,0,2,0,1,Liverpool,2024-25,26.655555555555555,0.48770320967069614,0.18757815756565235,0.48770320967069614,0.0,18,0.7777777777777778,0
Marc Guiu,2024,Spain,2006,18,3,0,73,0,0,0,0,0,0,0,1,Chelsea,2024-25,0.8111111111111111,0.0,0.0,0.0,0.0,0,0.0,0
Marcus Harness,2024,England,1996,28,2,0,45,0,0,0,0,0,0,0,1,Ipswich Town,2024-25,0.5,0.0,0.0,0.0,0.0,0,0.0,0
Marcus Rashford,2024,England,1997,26,10,4,444,2,2,1,1,1,0,0,1,Aston Villa,2024-25,4.933333333333334,0.4054054054054054,0.4054054054054054,0.2027027027027027,0.2027027027027027,4,0.4,0
Marshall Munetsi,2024,Zimbabwe,1996,28,14,12,1078,2,1,2,0,0,0,0,1,Wolves,2024-25,11.977777777777778,0.16697588126159554,0.08348794063079777,0.16697588126159554,0.0,3,0.8571428571428571,0
Martial Godo,2024,Ivory Coast,2003,21,2,0,24,0,0,0,0,0,0,0,1,Fulham,2024-25,0.26666666666666666,0.0,0.0,0.0,0.0,0,0.0,0
Mason Mount,2024,England,1999,25,17,8,622,1,0,1,0,0,3,0,1,Manchester Utd,2024-25,6.911111111111111,0.14469453376205788,0.0,0.14469453376205788,0.0,1,0.47058823529411764,0
Matheus França,2024,Brazil,2004,20,4,0,55,1,0,1,0,0,0,0,1,Crystal Palace,2024-25,0.6111111111111112,1.6363636363636362,0.0,1.6363636363636362,0.0,1,0.0,0
Mathys Tel,2024,France,2005,19,13,11,911,2,1,1,1,1,2,0,1,Tottenham,2024-25,10.122222222222222,0.19758507135016468,0.09879253567508234,0.09879253567508234,0.09879253567508234,3,0.8461538461538461,0
Michail Antonio,2024,Jamaica,1990,34,14,11,836,1,1,1,0,0,1,0,1,West Ham,2024-25,9.28888888888889,0.10765550239234449,0.10765550239234449,0.10765550239234449,0.0,2,0.7857142857142857,0
Miguel Almirón,2024,Paraguay,1994,30,9,1,157,0,0,0,0,0,0,0,1,Newcastle,2024-25,1.7444444444444445,0.0,0.0,0.0,0.0,0,0.1111111111111111,0
Mikel Merino,2024,Spain,1996,28,28,17,1586,7,2,7,0,0,4,1,1,Arsenal,2024-25,17.622222222222224,0.39722572509457754,0.11349306431273644,0.39722572509457754,0.0,9,0.6071428571428571,0
Mikey Moore,2024,England,2007,16,10,3,366,0,1,0,0,0,0,0,1,Tottenham,2024-25,4.066666666666666,0.0,0.24590163934426232,0.0,0.0,1,0.3,0
Mohammed Kudus,2024,Ghana,2000,23,32,31,2590,5,3,5,0,0,2,1,1,West Ham,2024-25,28.77777777777778,0.17374517374517373,0.10424710424710425,0.17374517374517373,0.0,8,0.96875,0
Nathan Butler-Oyedeji,2024,England,2003,21,1,0,7,0,0,0,0,0,0,0,1,Arsenal,2024-25,0.07777777777777778,0.0,0.0,0.0,0.0,0,0.0,0
Niclas Füllkrug,2024,Germany,1993,31,18,6,790,3,2,3,0,0,2,0,1,West Ham,2024-25,8.777777777777779,0.34177215189873417,0.22784810126582278,0.34177215189873417,0.0,5,0.3333333333333333,0
Nicolas Jackson,2024,Senegal,2001,23,30,28,2220,10,5,10,0,0,7,1,1,Chelsea,2024-25,24.666666666666668,0.4054054054054054,0.2027027027027027,0.4054054054054054,0.0,15,0.9333333333333333,0
Odsonne Édouard,2024,France,1998,26,4,0,29,0,0,0,0,0,0,0,1,Leicester City,2024-25,0.32222222222222224,0.0,0.0,0.0,0.0,0,0.0,0
Ollie Watkins,2024,England,1995,28,38,31,2598,16,8,14,2,2,2,0,1,Aston Villa,2024-25,28.866666666666667,0.5542725173210161,0.27713625866050806,0.48498845265588914,0.06928406466512702,24,0.8157894736842105,1
Omar Marmoush,2024,Egypt,1999,25,16,14,1175,7,0,7,0,0,0,0,1,Manchester City,2024-25,13.055555555555555,0.5361702127659574,0.0,0.5361702127659574,0.0,7,0.875,0
Oscar Bobb,2024,Norway,2003,21,3,0,16,0,0,0,0,0,0,0,1,Manchester City,2024-25,0.17777777777777778,0.0,0.0,0.0,0.0,0,0.0,0
Patson Daka,2024,Zambia,1998,25,23,6,736,1,0,1,0,0,0,0,1,Leicester City,2024-25,8.177777777777777,0.12228260869565219,0.0,0.12228260869565219,0.0,1,0.2608695652173913,0
Paul Onuachu,2024,Nigeria,1994,30,25,11,1050,4,1,4,0,0,4,0,1,Southampton,2024-25,11.666666666666666,0.34285714285714286,0.08571428571428572,0.34285714285714286,0.0,5,0.44,0
Pedro Neto,2024,Portugal,2000,24,35,24,2269,4,6,4,0,0,8,0,1,Chelsea,2024-25,25.211111111111112,0.15866020273248127,0.2379903040987219,0.15866020273248127,0.0,10,0.6857142857142857,0
Phil Foden,2024,England,2000,24,28,20,1777,7,2,7,0,0,2,0,1,Manchester City,2024-25,19.744444444444444,0.3545301069217783,0.10129431626336523,0.3545301069217783,0.0,9,0.7142857142857143,0
Raheem Sterling,2024,England,1994,29,17,7,499,0,2,0,0,0,1,0,1,Arsenal,2024-25,5.544444444444444,0.0,0.36072144288577157,0.0,0.0,2,0.4117647058823529,0
Rasmus Højlund,2024,Denmark,2003,21,32,23,2004,4,0,4,0,0,2,0,1,Manchester Utd,2024-25,22.266666666666666,0.17964071856287425,0.0,0.17964071856287425,0.0,4,0.71875,0
Raúl Jiménez,2024,Mexico,1991,33,38,30,2494,12,3,9,3,3,4,0,1,Fulham,2024-25,27.711111111111112,0.4330392943063352,0.1082598235765838,0.3247794707297514,0.1082598235765838,15,0.7894736842105263,1
Reiss Nelson,2024,England,1999,24,1,0,3,0,0,0,0,0,0,0,1,Arsenal,2024-25,0.03333333333333333,0.0,0.0,0.0,0.0,0,0.0,0
Remy Rees-Dottin,2024,England,2006,18,1,0,1,0,0,0,0,0,0,0,1,Bournemouth,2024-25,0.011111111111111112,0.0,0.0,0.0,0.0,0,0.0,0
Richarlison,2024,Brazil,1997,27,15,4,504,4,1,4,0,0,2,0,1,Tottenham,2024-25,5.6,0.7142857142857143,0.17857142857142858,0.7142857142857143,0.0,5,0.26666666666666666,0
Rodrigo Muniz,2024,Brazil,2001,23,31,8,964,8,1,8,0,0,1,0,1,Fulham,2024-25,10.71111111111111,0.7468879668049793,0.09336099585062241,0.7468879668049793,0.0,9,0.25806451612903225,0
Ross Stewart,2024,Scotland,1996,28,12,4,389,1,0,1,0,0,1,0,1,Southampton,2024-25,4.322222222222222,0.23136246786632392,0.0,0.23136246786632392,0.0,1,0.3333333333333333,0
Samuel Amo-Ameyaw,2024,England,2006,18,2,0,28,0,0,0,0,0,1,0,1,Southampton,2024-25,0.3111111111111111,0.0,0.0,0.0,0.0,0,0.0,0
Samuel Edozie,2024,England,2003,21,2,0,65,0,0,0,0,0,1,0,1,Southampton,2024-25,0.7222222222222222,0.0,0.0,0.0,0.0,0,0.0,0
Shumaira Mheuka,2024,England,2007,16,1,0,1,0,0,0,0,0,0,0,1,Chelsea,2024-25,0.011111111111111112,0.0,0.0,0.0,0.0,0,0.0,0
Son Heung-min,2024,South Korea,1992,32,30,24,2110,7,9,6,1,2,1,0,1,Tottenham,2024-25,23.444444444444443,0.29857819905213273,0.38388625592417064,0.2559241706161138,0.08530805687203792,16,0.8,1
Sávio,2024,Brazil,2004,20,29,21,1766,1,8,1,0,0,3,0,1,Manchester City,2024-25,19.622222222222224,0.05096262740656851,0.4077010192525481,0.05096262740656851,0.0,9,0.7241379310344828,0
Taiwo Awoniyi,2024,Nigeria,1997,26,26,3,416,1,0,1,0,0,0,0,1,Nottingham,2024-25,4.622222222222222,0.21634615384615385,0.0,0.21634615384615385,0.0,1,0.11538461538461539,0
Timo Werner,2024,Germany,1996,28,18,4,516,0,3,0,0,0,0,0,1,Tottenham,2024-25,5.733333333333333,0.0,0.5232558139534884,0.0,0.0,3,0.2222222222222222,0
Tyler Dibling,2024,England,2006,18,33,20,1874,2,0,2,0,0,6,0,1,Southampton,2024-25,20.822222222222223,0.096051227321238,0.0,0.096051227321238,0.0,2,0.6060606060606061,0
Tyrique George,2024,England,2006,18,8,1,183,1,1,1,0,0,1,0,1,Chelsea,2024-25,2.033333333333333,0.49180327868852464,0.49180327868852464,0.49180327868852464,0.0,2,0.125,0
Will Lankshear,2024,England,2005,19,3,0,11,0,0,0,0,0,0,0,1,Tottenham,2024-25,0.12222222222222222,0.0,0.0,0.0,0.0,0,0.0,0
William Osula,2024,Denmark,2003,20,14,0,134,1,0,1,0,0,0,0,1,Newcastle,2024-25,1.488888888888889,0.6716417910447761,0.0,0.6716417910447761,0.0,1,0.0,0
Willian,2024,Brazil,1988,35,10,2,257,0,0,0,0,0,0,0,1,Fulham,2024-25,2.8555555555555556,0.0,0.0,0.0,0.0,0,0.2,0
Wilson Odobert,2024,France,2004,19,16,9,850,1,0,1,0,0,0,0,1,Tottenham,2024-25,9.444444444444445,0.10588235294117647,0.0,0.10588235294117647,0.0,1,0.5625,0
Yoane Wissa,2024,DR Congo,1996,27,35,34,2919,19,4,19,0,0,5,0,1,Brentford,2024-25,32.43333333333333,0.5858170606372046,0.12332990750256939,0.5858170606372046,0.0,23,0.9714285714285714,0
Youssef Chermiti,2024,Portugal,2004,20,4,0,45,0,0,0,0,0,1,0,1,Everton,2024-25,0.5,0.0,0.0,0.0,0.0,0,0.0,0
Adam Armstrong,2025,England,1997,28,14,14,1140,2,2,1,1,1,3,0,1,Wolves,2025-26,12.666666666666666,0.15789473684210528,0.15789473684210528,0.07894736842105264,0.07894736842105264,4,1.0,0
Adama Traoré,2025,Spain,1996,29,9,0,121,0,0,0,0,0,1,0,1,West Ham,2025-26,1.3444444444444446,0.0,0.0,0.0,0.0,0,0.0,0
Alexander Isak,2025,Sweden,1999,25,14,8,699,3,1,3,0,0,0,0,1,Liverpool,2025-26,7.766666666666667,0.38626609442060084,0.12875536480686695,0.38626609442060084,0.0,4,0.5714285714285714,0
Angel Gomes,2025,England,2000,24,12,7,461,0,0,0,0,0,1,0,1,Wolves,2025-26,5.122222222222222,0.0,0.0,0.0,0.0,0,0.5833333333333334,0
Anthony Elanga,2025,Sweden,2002,23,32,14,1319,0,1,0,0,0,0,0,1,Newcastle,2025-26,14.655555555555555,0.0,0.06823351023502654,0.0,0.0,1,0.4375,0
Anthony Gordon,2025,England,2001,24,26,24,1795,6,2,3,3,3,3,1,1,Newcastle,2025-26,19.944444444444443,0.3008356545961003,0.10027855153203344,0.15041782729805014,0.15041782729805014,8,0.9230769230769231,1
Antoine Semenyo,2025,Ghana,2000,25,17,17,1397,7,1,7,0,0,1,0,1,Manchester City,2025-26,15.522222222222222,0.4509663564781675,0.06442376521116679,0.4509663564781675,0.0,8,1.0,0
Armando Broja,2025,Albania,2001,23,24,8,860,1,1,1,0,0,0,0,1,Burnley,2025-26,9.555555555555555,0.10465116279069768,0.10465116279069768,0.10465116279069768,0.0,2,0.3333333333333333,0
Arnaud Kalimuendo,2025,France,2002,23,9,0,96,0,0,0,0,0,0,0,1,Nottingham,2025-26,1.0666666666666667,0.0,0.0,0.0,0.0,0,0.0,0
Ashley Barnes,2025,England,1989,35,7,0,46,0,0,0,0,0,2,0,1,Burnley,2025-26,0.5111111111111111,0.0,0.0,0.0,0.0,0,0.0,0
Benjamin Šeško,2025,Slovenia,2003,22,30,17,1643,11,1,11,0,0,2,0,1,Manchester Utd,2025-26,18.255555555555556,0.6025562994522216,0.05477784540474741,0.6025562994522216,0.0,12,0.5666666666666667,0
Bertrand Traoré,2025,Burkina Faso,1995,29,12,9,632,1,0,1,0,0,1,0,1,Sunderland,2025-26,7.022222222222222,0.14240506329113925,0.0,0.14240506329113925,0.0,1,0.75,0
Beto,2025,Guinea-Bissau,1998,27,37,17,1568,9,1,9,0,0,3,0,1,Everton,2025-26,17.42222222222222,0.5165816326530612,0.05739795918367348,0.5165816326530612,0.0,10,0.4594594594594595,0
Brenden Aaronson,2025,USA,2000,24,37,30,2449,4,5,4,0,0,3,0,1,Leeds United,2025-26,27.211111111111112,0.14699877501020825,0.1837484687627603,0.14699877501020825,0.0,9,0.8108108108108109,0
Brennan Johnson,2025,Wales,2001,24,34,19,1722,2,1,2,0,0,6,0,2,Crystal Palace,2025-26,19.133333333333333,0.10452961672473868,0.05226480836236934,0.10452961672473868,0.0,3,0.5588235294117647,0
Brian Brobbey,2025,Netherlands,2002,23,31,22,1927,7,1,7,0,0,6,0,1,Sunderland,2025-26,21.41111111111111,0.3269330565646082,0.046704722366372596,0.3269330565646082,0.0,8,0.7096774193548387,0
Bryan Mbeumo,2025,Cameroon,1999,25,33,31,2609,11,3,11,0,0,4,0,1,Manchester Utd,2025-26,28.988888888888887,0.37945573016481415,0.10348792640858567,0.37945573016481415,0.0,14,0.9393939393939394,0
Bukayo Saka,2025,England,2001,23,31,25,2222,7,5,6,1,1,2,0,1,Arsenal,2025-26,24.68888888888889,0.2835283528352835,0.20252025202520252,0.243024302430243,0.0405040504050405,12,0.8064516129032258,0
Callum Marshall,2025,Northern Ireland,2004,20,2,0,60,0,0,0,0,0,0,0,1,West Ham,2025-26,0.6666666666666666,0.0,0.0,0.0,0.0,0,0.0,0
Callum Wilson,2025,England,1992,33,32,11,1251,7,1,7,0,0,1,0,1,West Ham,2025-26,13.9,0.5035971223021583,0.07194244604316546,0.5035971223021583,0.0,8,0.34375,0
Charalampos Kostoulas,2025,Greece,2007,18,21,2,369,2,1,2,0,0,2,0,1,Brighton,2025-26,4.1,0.48780487804878053,0.24390243902439027,0.48780487804878053,0.0,3,0.09523809523809523,0
Chemsdine Talbi,2025,Morocco,2005,20,28,16,1561,4,1,4,0,0,0,0,1,Sunderland,2025-26,17.344444444444445,0.23062139654067904,0.05765534913516976,0.23062139654067904,0.0,5,0.5714285714285714,0
Chris Wood,2025,New Zealand,1991,33,15,11,901,3,0,3,0,0,0,0,1,Nottingham,2025-26,10.011111111111111,0.29966703662597116,0.0,0.29966703662597116,0.0,3,0.7333333333333333,0
Christantus Uche,2025,Nigeria,2003,22,14,0,173,0,0,0,0,0,0,0,1,Crystal Palace,2025-26,1.9222222222222223,0.0,0.0,0.0,0.0,0,0.0,0
Cody Gakpo,2025,Netherlands,1999,26,36,32,2737,7,5,7,0,0,3,0,1,Liverpool,2025-26,30.41111111111111,0.23017902813299232,0.16441359152356594,0.23017902813299232,0.0,12,0.8888888888888888,0
Crysencio Summerville,2025,Netherlands,2001,23,31,29,2470,5,2,5,0,0,6,0,1,West Ham,2025-26,27.444444444444443,0.18218623481781376,0.07287449392712551,0.18218623481781376,0.0,7,0.9354838709677419,0
Dane Scarlett,2025,England,2004,21,2,0,9,0,0,0,0,0,0,0,1,Tottenham,2025-26,0.1,0.0,0.0,0.0,0.0,0,0.0,0
Daniel James,2025,Wales,1997,27,19,6,559,0,0,0,0,0,0,0,1,Leeds United,2025-26,6.211111111111111,0.0,0.0,0.0,0.0,0,0.3157894736842105,0
Danny Welbeck,2025,England,1990,34,37,26,2258,13,1,12,1,3,5,0,1,Brighton,2025-26,25.08888888888889,0.5181576616474757,0.03985828166519043,0.4782993799822852,0.1195748449955713,14,0.7027027027027027,1
Diego Gómez,2025,Paraguay,2003,22,32,26,2120,5,1,5,0,0,9,0,1,Brighton,2025-26,23.555555555555557,0.2122641509433962,0.04245283018867924,0.2122641509433962,0.0,6,0.8125,0
Dominic Calvert-Lewin,2025,England,1997,28,35,30,2721,14,1,10,4,5,3,0,1,Leeds United,2025-26,30.233333333333334,0.46306504961411243,0.0330760749724366,0.33076074972436603,0.16538037486218302,15,0.8571428571428571,1
Dominic Solanke,2025,England,1997,27,15,11,1001,3,0,3,0,0,1,0,1,Tottenham,2025-26,11.122222222222222,0.26973026973026976,0.0,0.26973026973026976,0.0,3,0.7333333333333333,0
Donyell Malen,2025,Netherlands,1999,26,21,5,656,4,1,4,0,0,0,0,1,Aston Villa,2025-26,7.288888888888889,0.5487804878048781,0.13719512195121952,0.5487804878048781,0.0,5,0.23809523809523808,0
Eberechi Eze,2025,England,1998,27,32,21,1812,7,2,7,0,0,1,0,1,Arsenal,2025-26,20.133333333333333,0.347682119205298,0.09933774834437087,0.347682119205298,0.0,9,0.65625,0
Eli Junior Kroupi,2025,France,2006,19,33,21,1672,13,0,11,2,2,5,0,1,Bournemouth,2025-26,18.57777777777778,0.6997607655502391,0.0,0.5921052631578947,0.10765550239234449,13,0.6363636363636364,1
Eliezer Mayenda,2025,Spain,2005,20,20,8,759,2,0,2,0,0,0,0,1,Sunderland,2025-26,8.433333333333334,0.23715415019762845,0.0,0.23715415019762845,0.0,2,0.4,0
Enes Ünal,2025,Turkey,1997,28,23,0,232,1,0,1,0,0,1,0,1,Bournemouth,2025-26,2.577777777777778,0.3879310344827586,0.0,0.3879310344827586,0.0,1,0.0,0
Enzo Le Fée,2025,France,2000,25,36,33,2930,5,6,2,3,4,5,0,1,Sunderland,2025-26,32.55555555555556,0.15358361774744025,0.18430034129692832,0.06143344709897611,0.12286689419795221,11,0.9166666666666666,1
Erling Haaland,2025,Norway,2000,25,35,34,2953,27,8,24,3,4,2,0,1,Manchester City,2025-26,32.81111111111111,0.822891974263461,0.24381984422621064,0.731459532678632,0.12190992211310532,35,0.9714285714285714,1
Evanilson,2025,Brazil,1999,25,36,32,2742,6,1,6,0,0,2,0,1,Bournemouth,2025-26,30.466666666666665,0.19693654266958427,0.03282275711159738,0.19693654266958427,0.0,7,0.8888888888888888,0
Gabriel Jesus,2025,Brazil,1997,28,14,3,429,3,0,3,0,0,3,0,1,Arsenal,2025-26,4.766666666666667,0.6293706293706294,0.0,0.6293706293706294,0.0,3,0.21428571428571427,0
Gabriel Martinelli,2025,Brazil,2001,24,30,11,1081,1,4,1,0,0,3,0,1,Arsenal,2025-26,12.011111111111111,0.08325624421831637,0.3330249768732655,0.08325624421831637,0.0,5,0.36666666666666664,0
Georginio Rutter,2025,France,2002,23,32,20,1786,3,3,3,0,0,2,0,1,Brighton,2025-26,19.844444444444445,0.1511758118701008,0.1511758118701008,0.1511758118701008,0.0,6,0.625,0
Harvey Barnes,2025,England,1997,27,37,19,1966,7,1,7,0,0,1,0,1,Newcastle,2025-26,21.844444444444445,0.32044760935910477,0.04577822990844354,0.32044760935910477,0.0,8,0.5135135135135135,0
Harvey Elliott,2025,England,2003,22,1,0,1,0,0,0,0,0,0,0,1,Liverpool,2025-26,0.011111111111111112,0.0,0.0,0.0,0.0,0,0.0,0
Hugo Ekitike,2025,France,2002,23,28,21,1803,11,4,11,0,0,0,0,1,Liverpool,2025-26,20.033333333333335,0.5490848585690515,0.19966722129783693,0.5490848585690515,0.0,15,0.75,0
Hwang Hee-chan,2025,South Korea,1996,29,26,18,1446,2,2,1,1,1,5,0,1,Wolves,2025-26,16.066666666666666,0.12448132780082988,0.12448132780082988,0.06224066390041494,0.06224066390041494,4,0.6923076923076923,0
Igor Jesus,2025,Brazil,2001,24,37,28,2298,6,4,5,1,1,2,0,1,Nottingham,2025-26,25.533333333333335,0.23498694516971277,0.15665796344647517,0.19582245430809397,0.03916449086161879,10,0.7567567567567568,0
Igor Thiago,2025,Brazil,2001,24,38,37,3282,22,1,14,8,9,7,0,1,Brentford,2025-26,36.46666666666667,0.603290676416819,0.027422303473491772,0.3839122486288848,0.24680073126142596,23,0.9736842105263158,1
Jack Harrison,2025,England,1996,28,11,1,269,0,0,0,0,0,0,0,1,Leeds United,2025-26,2.988888888888889,0.0,0.0,0.0,0.0,0,0.09090909090909091,0
Jacob Bruun Larsen,2025,Denmark,1998,26,28,10,1030,0,1,0,0,0,0,0,1,Burnley,2025-26,11.444444444444445,0.0,0.08737864077669903,0.0,0.0,1,0.35714285714285715,0
Jacob Murphy,2025,England,1995,30,33,19,1617,3,2,3,0,0,2,0,1,Newcastle,2025-26,17.966666666666665,0.16697588126159557,0.11131725417439704,0.16697588126159557,0.0,5,0.5757575757575758,0
James Maddison,2025,England,1996,28,3,0,37,0,0,0,0,0,0,0,1,Tottenham,2025-26,0.4111111111111111,0.0,0.0,0.0,0.0,0,0.0,0
Jarrod Bowen,2025,England,1996,28,38,38,3403,9,11,8,1,1,4,0,1,West Ham,2025-26,37.81111111111111,0.23802527181898325,0.2909197766676462,0.2115780193946518,0.026447252424331474,20,1.0,0
Jaydon Amauri Banel,2025,Netherlands,2004,20,1,0,10,0,0,0,0,0,0,0,1,Burnley,2025-26,0.1111111111111111,0.0,0.0,0.0,0.0,0,0.0,0
Jean-Philippe Mateta,2025,France,1997,28,32,25,2218,12,0,8,4,4,2,0,1,Crystal Palace,2025-26,24.644444444444446,0.48692515779981965,0.0,0.3246167718665464,0.1623083859332732,12,0.78125,1
Jean-Ricner Bellegarde,2025,Haiti,1998,27,26,15,1248,1,1,1,0,0,5,0,1,Wolves,2025-26,13.866666666666667,0.07211538461538461,0.07211538461538461,0.07211538461538461,0.0,2,0.5769230769230769,0
Jeremy Doku,2025,Belgium,2002,23,30,19,1784,5,5,5,0,0,0,0,1,Manchester City,2025-26,19.822222222222223,0.2522421524663677,0.2522421524663677,0.2522421524663677,0.0,10,0.6333333333333333,0
Jhon Arias,2025,Colombia,1997,27,23,14,1124,1,0,1,0,0,1,0,1,Wolves,2025-26,12.488888888888889,0.0800711743772242,0.0,0.0800711743772242,0.0,1,0.6086956521739131,0
Jonah Kusi-Asare,2025,Sweden,2007,18,7,0,55,0,0,0,0,0,1,0,1,Fulham,2025-26,0.6111111111111112,0.0,0.0,0.0,0.0,0,0.0,0
Joshua Zirkzee,2025,Netherlands,2001,24,24,5,626,2,1,2,0,0,3,0,1,Manchester Utd,2025-26,6.955555555555556,0.28753993610223644,0.14376996805111822,0.28753993610223644,0.0,3,0.20833333333333334,0
Jota Silva,2025,Portugal,1999,25,1,0,12,0,0,0,0,0,0,0,1,Nottingham,2025-26,0.13333333333333333,0.0,0.0,0.0,0.0,0,0.0,0
João Pedro,2025,Brazil,2001,23,35,31,2661,15,5,15,0,0,5,0,1,Chelsea,2025-26,29.566666666666666,0.5073280721533259,0.16910935738444194,0.5073280721533259,0.0,20,0.8857142857142857,0
Joël Piroe,2025,Suriname,1999,25,16,2,258,0,0,0,0,0,0,0,1,Leeds United,2025-26,2.8666666666666667,0.0,0.0,0.0,0.0,0,0.125,0
Justin Devenny,2025,Northern Ireland,2003,21,21,7,796,1,0,0,1,1,0,0,1,Crystal Palace,2025-26,8.844444444444445,0.11306532663316582,0.0,0.0,0.11306532663316582,1,0.3333333333333333,0
Jørgen Strand Larsen,2025,Norway,2000,25,36,26,2307,4,1,3,1,2,4,0,2,Wolves,2025-26,25.633333333333333,0.15604681404421328,0.03901170351105332,0.11703511053315994,0.07802340702210664,5,0.7222222222222222,1
Kai Havertz,2025,Germany,1999,26,12,7,581,2,3,2,0,0,1,0,1,Arsenal,2025-26,6.455555555555556,0.3098106712564544,0.46471600688468157,0.3098106712564544,0.0,5,0.5833333333333334,0
Kaoru Mitoma,2025,Japan,1997,28,25,19,1721,3,1,3,0,0,5,0,1,Brighton,2025-26,19.122222222222224,0.15688553166763508,0.05229517722254503,0.15688553166763508,0.0,4,0.76,0
Kaye Furo,2025,Belgium,2007,18,1,0,1,0,0,0,0,0,0,0,1,Brentford,2025-26,0.011111111111111112,0.0,0.0,0.0,0.0,0,0.0,0
Kevin Schade,2025,Germany,2001,23,35,32,2745,8,3,8,0,1,6,1,1,Brentford,2025-26,30.5,0.26229508196721313,0.09836065573770492,0.26229508196721313,0.03278688524590164,11,0.9142857142857143,0
Leandro Trossard,2025,Belgium,1994,30,31,21,2000,6,6,6,0,0,2,0,1,Arsenal,2025-26,22.22222222222222,0.27,0.27,0.27,0.0,12,0.6774193548387096,0
Liam Delap,2025,England,2003,22,28,12,1107,1,0,1,0,0,4,0,1,Chelsea,2025-26,12.3,0.08130081300813008,0.0,0.08130081300813008,0.0,1,0.42857142857142855,0
Lorenzo Lucca,2025,Italy,2000,24,4,1,129,1,0,1,0,0,0,0,1,Nottingham,2025-26,1.4333333333333333,0.6976744186046512,0.0,0.6976744186046512,0.0,1,0.25,0
Loum Tchaouna,2025,France,2003,21,29,14,1272,2,1,2,0,0,2,0,1,Burnley,2025-26,14.133333333333333,0.14150943396226415,0.07075471698113207,0.14150943396226415,0.0,3,0.4827586206896552,0
Lucas Paquetá,2025,Brazil,1997,27,18,18,1511,4,1,2,2,2,7,1,1,West Ham,2025-26,16.788888888888888,0.2382528127068167,0.059563203176704174,0.11912640635340835,0.11912640635340835,5,1.0,1
Luis Guilherme,2025,Brazil,2006,19,5,1,125,0,0,0,0,0,0,0,1,West Ham,2025-26,1.3888888888888888,0.0,0.0,0.0,0.0,0,0.2,0
Lukas Nmecha,2025,Germany,1998,26,31,10,1083,6,1,4,2,3,0,0,1,Leeds United,2025-26,12.033333333333333,0.4986149584487535,0.08310249307479224,0.33240997229916897,0.24930747922437674,7,0.3225806451612903,1
Lyle Foster,2025,South Africa,2000,24,26,15,1371,3,2,3,0,0,4,0,1,Burnley,2025-26,15.233333333333333,0.19693654266958427,0.1312910284463895,0.19693654266958427,0.0,5,0.5769230769230769,0
Marc Guiu,2025,Spain,2006,19,10,1,272,0,1,0,0,0,1,0,2,Chelsea,2025-26,3.022222222222222,0.0,0.33088235294117646,0.0,0.0,1,0.1,0
Marcus Edwards,2025,England,1998,26,23,11,1067,1,3,1,0,0,0,0,1,Burnley,2025-26,11.855555555555556,0.08434864104967198,0.2530459231490159,0.08434864104967198,0.0,4,0.4782608695652174,0
Marshall Munetsi,2025,Zimbabwe,1996,29,13,9,875,1,1,1,0,0,2,0,1,Wolves,2025-26,9.722222222222221,0.10285714285714287,0.10285714285714287,0.10285714285714287,0.0,2,0.6923076923076923,0
Matheus Cunha,2025,Brazil,1999,26,33,29,2494,10,2,10,0,0,4,0,1,Manchester Utd,2025-26,27.711111111111112,0.36086607858861264,0.07217321571772253,0.36086607858861264,0.0,12,0.8787878787878788,0
Mathys Tel,2025,France,2005,20,31,13,1349,4,1,4,0,0,1,0,1,Tottenham,2025-26,14.988888888888889,0.2668643439584878,0.06671608598962195,0.2668643439584878,0.0,5,0.41935483870967744,0
Mike Trésor,2025,Belgium,1999,26,6,0,43,0,0,0,0,0,0,0,1,Burnley,2025-26,0.4777777777777778,0.0,0.0,0.0,0.0,0,0.0,0
Mikel Merino,2025,Spain,1996,29,22,10,1036,4,3,4,0,0,1,0,1,Arsenal,2025-26,11.511111111111111,0.3474903474903475,0.2606177606177606,0.3474903474903475,0.0,7,0.45454545454545453,0
Mohammed Kudus,2025,Ghana,2000,24,19,19,1535,2,5,2,0,0,3,0,1,Tottenham,2025-26,17.055555555555557,0.11726384364820845,0.29315960912052114,0.11726384364820845,0.0,7,1.0,0
Nick Woltemade,2025,Germany,2002,23,33,24,1902,8,3,7,1,1,0,0,1,Newcastle,2025-26,21.133333333333333,0.37854889589905366,0.14195583596214512,0.3312302839116719,0.04731861198738171,11,0.7272727272727273,0
Niclas Füllkrug,2025,Germany,1993,32,8,5,409,0,0,0,0,0,0,0,1,West Ham,2025-26,4.544444444444444,0.0,0.0,0.0,0.0,0,0.625,0
Noah Okafor,2025,Switzerland,2000,25,28,19,1561,8,1,8,0,0,3,0,1,Leeds United,2025-26,17.344444444444445,0.46124279308135807,0.05765534913516976,0.46124279308135807,0.0,9,0.6785714285714286,0
Noni Madueke,2025,England,2002,23,26,16,1211,3,1,3,0,0,0,0,1,Arsenal,2025-26,13.455555555555556,0.22295623451692814,0.07431874483897605,0.22295623451692814,0.0,4,0.6153846153846154,0
Odsonne Édouard,2025,France,1998,27,1,0,3,0,0,0,0,0,0,0,1,Crystal Palace,2025-26,0.03333333333333333,0.0,0.0,0.0,0.0,0,0.0,0
Ollie Watkins,2025,England,1995,29,37,33,2839,16,3,16,0,0,4,0,1,Aston Villa,2025-26,31.544444444444444,0.5072208524128214,0.09510390982740402,0.5072208524128214,0.0,19,0.8918918918918919,0
Omar Marmoush,2025,Egypt,1999,26,21,8,700,3,3,3,0,0,3,0,1,Manchester City,2025-26,7.777777777777778,0.38571428571428573,0.38571428571428573,0.38571428571428573,0.0,6,0.38095238095238093,0
Oscar Bobb,2025,Norway,2003,22,9,5,468,0,1,0,0,0,1,0,1,Manchester City,2025-26,5.2,0.0,0.1923076923076923,0.0,0.0,1,0.5555555555555556,0
Pablo,2025,Brazil,2004,21,14,10,823,0,1,0,0,0,0,0,1,West Ham,2025-26,9.144444444444444,0.0,0.10935601458080195,0.0,0.0,1,0.7142857142857143,0
Patrick Roberts,2025,England,1997,28,1,0,28,0,0,0,0,0,0,0,1,Sunderland,2025-26,0.3111111111111111,0.0,0.0,0.0,0.0,0,0.0,0
Pedro Neto,2025,Portugal,2000,25,34,30,2631,5,6,5,0,0,4,1,1,Chelsea,2025-26,29.233333333333334,0.1710376282782212,0.20524515393386544,0.1710376282782212,0.0,11,0.8823529411764706,0
Randal Kolo Muani,2025,France,1998,26,30,21,1664,1,1,1,0,0,3,0,1,Tottenham,2025-26,18.488888888888887,0.054086538461538464,0.054086538461538464,0.054086538461538464,0.0,2,0.7,0
Raúl Jiménez,2025,Mexico,1991,34,36,27,2189,9,3,5,4,4,5,0,1,Fulham,2025-26,24.322222222222223,0.3700319780721791,0.12334399269072635,0.2055733211512106,0.16445865692096848,12,0.75,1
Reiss Nelson,2025,England,1999,25,10,0,126,0,1,0,0,0,0,0,1,Brentford,2025-26,1.4,0.0,0.7142857142857143,0.0,0.0,1,0.0,0
Richarlison,2025,Brazil,1997,28,32,20,1964,11,4,11,0,0,5,0,1,Tottenham,2025-26,21.822222222222223,0.5040733197556008,0.18329938900203666,0.5040733197556008,0.0,15,0.625,0
Rodrigo Gomes,2025,Portugal,2003,22,22,9,960,3,0,3,0,0,0,0,1,Wolves,2025-26,10.666666666666666,0.28125,0.0,0.28125,0.0,3,0.4090909090909091,0
Rodrigo Muniz,2025,Brazil,2001,24,21,10,1000,1,1,1,0,0,2,0,1,Fulham,2025-26,11.11111111111111,0.09,0.09,0.09,0.0,2,0.47619047619047616,0
Romelle Donovan,2025,England,2006,18,4,0,41,0,0,0,0,0,0,0,1,Brentford,2025-26,0.45555555555555555,0.0,0.0,0.0,0.0,0,0.0,0
Saša Kalajdžić,2025,Austria,1997,28,1,0,15,0,0,0,0,0,0,0,1,Wolves,2025-26,0.16666666666666666,0.0,0.0,0.0,0.0,0,0.0,0
Sean Neave,2025,England,2007,18,1,0,14,0,0,0,0,0,0,0,1,Newcastle,2025-26,0.15555555555555556,0.0,0.0,0.0,0.0,0,0.0,0
Shea Lacey,2025,England,2007,18,3,0,43,0,0,0,0,0,0,0,1,Manchester Utd,2025-26,0.4777777777777778,0.0,0.0,0.0,0.0,0,0.0,0
Shumaira Mheuka,2025,England,2007,17,1,0,2,0,0,0,0,0,0,0,1,Chelsea,2025-26,0.022222222222222223,0.0,0.0,0.0,0.0,0,0.0,0
Simon Adingra,2025,Ivory Coast,2002,23,14,9,653,1,0,1,0,0,2,0,1,Sunderland,2025-26,7.2555555555555555,0.13782542113323124,0.0,0.13782542113323124,0.0,1,0.6428571428571429,0
Stefanos Tzimas,2025,Greece,2006,19,9,1,139,1,1,1,0,0,0,0,1,Brighton,2025-26,1.5444444444444445,0.6474820143884892,0.6474820143884892,0.6474820143884892,0.0,2,0.1111111111111111,0
Taiwo Awoniyi,2025,Nigeria,1997,27,17,3,494,4,1,4,0,0,2,0,1,Nottingham,2025-26,5.488888888888889,0.728744939271255,0.18218623481781376,0.728744939271255,0.0,5,0.17647058823529413,0
Tammy Abraham,2025,England,1997,27,12,2,286,2,0,2,0,0,0,0,1,Aston Villa,2025-26,3.1777777777777776,0.6293706293706294,0.0,0.6293706293706294,0.0,2,0.16666666666666666,0
Thierno Barry,2025,France,2002,22,38,21,1914,8,0,8,0,0,3,0,1,Everton,2025-26,21.266666666666666,0.3761755485893417,0.0,0.3761755485893417,0.0,8,0.5526315789473685,0
Tolu Arokodare,2025,Nigeria,2000,24,33,13,1419,3,1,3,0,1,1,0,1,Wolves,2025-26,15.766666666666667,0.19027484143763213,0.06342494714587738,0.19027484143763213,0.06342494714587738,4,0.3939393939393939,0
Tyrique George,2025,England,2006,19,4,0,145,0,0,0,0,0,2,0,1,Chelsea,2025-26,1.6111111111111112,0.0,0.0,0.0,0.0,0,0.0,0
Valentín Castellanos,2025,Argentina,1998,26,18,17,1384,6,0,6,0,0,6,0,1,West Ham,2025-26,15.377777777777778,0.3901734104046243,0.0,0.3901734104046243,0.0,6,0.9444444444444444,0
Viktor Gyökeres,2025,Sweden,1998,27,36,26,2224,14,1,11,3,3,5,0,1,Arsenal,2025-26,24.711111111111112,0.5665467625899281,0.040467625899280574,0.44514388489208634,0.12140287769784172,15,0.7222222222222222,1
Wilfried Gnonto,2025,Italy,2003,21,23,4,537,0,1,0,0,0,3,0,1,Leeds United,2025-26,5.966666666666667,0.0,0.16759776536312848,0.0,0.0,1,0.17391304347826086,0
William Osula,2025,Denmark,2003,21,24,8,819,7,0,7,0,0,0,0,1,Newcastle,2025-26,9.1,0.7692307692307693,0.0,0.7692307692307693,0.0,7,0.3333333333333333,0
Wilson Isidor,2025,Haiti,2000,24,32,11,1165,6,0,6,0,0,1,0,1,Sunderland,2025-26,12.944444444444445,0.463519313304721,0.0,0.463519313304721,0.0,6,0.34375,0
Wilson Odobert,2025,France,2004,20,24,10,985,0,2,0,0,0,0,0,1,Tottenham,2025-26,10.944444444444445,0.0,0.18274111675126903,0.0,0.0,2,0.4166666666666667,0
Xavi Simons,2025,Netherlands,2003,22,28,19,1755,2,5,2,0,0,5,1,1,Tottenham,2025-26,19.5,0.10256410256410256,0.2564102564102564,0.10256410256410256,0.0,7,0.6785714285714286,0
Yoane Wissa,2025,DR Congo,1996,28,19,4,531,1,1,1,0,0,3,0,1,Newcastle,2025-26,5.9,0.1694915254237288,0.1694915254237288,0.1694915254237288,0.0,2,0.21052631578947367,0
Yéremy Pino,2025,Spain,2002,22,34,26,2080,2,2,2,0,0,4,0,1,Crystal Palace,2025-26,23.11111111111111,0.08653846153846154,0.08653846153846154,0.08653846153846154,0.0,4,0.7647058823529411,0
Zeki Amdouni,2025,Switzerland,2000,24,4,0,73,0,0,0,0,0,0,0,1,Burnley,2025-26,0.8111111111111111,0.0,0.0,0.0,0.0,0,0.0,0
Zian Flemming,2025,Netherlands,1998,26,29,21,1769,11,0,9,2,2,5,0,1,Burnley,2025-26,19.655555555555555,0.5596382136800453,0.0,0.4578858111927643,0.10175240248728096,11,0.7241379310344828,1
